fid,field_1,trap,trapnb,Unit,Unit_Class,Unit_code,Oc.detritu,Oc.caspius,Cx.theiler,Cx.pipiens,Cx.modestu,Cx.perexig,An.atropar,IShannon,Total_mosq,Riqueza_me,HIDRO_MEAN,HIDRO_ME_1,HIDRO_ME_2,HIDRO_ME_3,LULC_100,LULC_250,LULC_500,LULC_1000,LULC_2000,NDVI_100,NDVI_250,NDVI_500,NDVI_1000,NDVI_2000,DIST_RIO,DIST_ARROZ,DIST_urban,Norte,Oeste,LST_1
"1","1",A1,"1",Arrozal,Ricefields,"1",0,19,674.29,0,18.29,0.29,2,0.576514548,"5052",2.86,124.62,135.57,144.04,142.69,Arrozales,Arrozales,Arrozales,Arrozales,Cultives,0.243557962,0.24902398,0.261993985,0.28942045,0.305238758,"4352","10","4437",37.08508,-6.13773,16.4659843444824
"2","2",A2,"2",Arrozal,Ricefields,"1",0.5,3,216,1,10.75,2,0,0.360835804,"934",2.5,59.62,58.31,46,51.53,Cultivos,Cultivos,Cultivos,Cultivos,Cultives,0.126282019,0.110656023,0.116812983,0.168950688,0.16325342,"2684","1311","10817",37.02583,-6.19075,25.1890258789063
"3","3",A3,"3",Arrozal,Ricefields,"1",0.14,3,87.86,2.14,32.57,112.43,16.86,0.817718608,"1792",4,54.47,69.54,55.49,35.1,Zonas sin vegetaci?,Cultivos,Cultivos,Pastizal,Cultives,0.189173192,0.303356074,0.275632778,0.367416474,0.316263641,"16389","61","5394",37.23843889,-6.130247222,21.2452831268311
"4","11",HT1,"11",Huerta Tejada,Crops,"2",0,14.75,33.25,0,0,0.25,15.75,0.431524465,"256",1.25,47.61,66.26,71.33,84.83,Cultivos,Cultivos,Pastizal,Pastizal,Cultives,0.234632236,0.254066629,0.233927546,0.242276375,0.327698762,"12262","1023","3747",37.15325,-6.20567,24.6845417022705
"5","12",HT2,"12",Huerta Tejada,Crops,"2",4.25,50.75,476.75,2,0,0.5,2,0.347256651,"2150",3,44.62,49,40.99,42.32,Pastizal,Pastizal,Pastizal,Cultivos,Cultives,0.210552732,0.227280924,0.24568011,0.214651579,0.210851796,"7781","1415","8213",37.10392,-6.25878,25.6796398162842
"6","13",HT3,"13",Huerta Tejada,Crops,"2",11.5,2.5,9,0,0,4,0,0.851609643,"54",2.5,28.05,33.14,34.58,39.3,Cultivos,Cultivos,Cultivos,Cultivos,Cultives,0.165088068,0.174512234,0.172568747,0.181287666,0.189923374,"6105","1732","9280",37.08937,-6.26399,26.0071907043457
"7","14",HT5,"14",Huerta Tejada,Crops,"2",0.2,587.6,298.6,0.6,1.8,0.4,0,0.227280082,"4446",2.2,19.38,31.7,45.24,47.54,Pastizal,Cultivos,Cultivos,Cultivos,Cultives,0.211486558,0.192320827,0.190990762,0.173081981,0.171940187,"4478","3486","13059",37.07127,-6.30006,27.1133251190186
"8","15",HT6,"15",Huerta Tejada,Crops,"2",1.88,262.63,249.38,0.75,5.75,23.38,8.75,0.460969383,"6031",2.88,14.63,56.12,58.7,51.1,Zonas sin vegetaci?,Cultivos,Cultivos,Cultivos,Cultives,0.181433667,0.208360815,0.151054537,0.164338366,0.159898469,"4072","1973","11673",37.07181944,-6.282438889,26.1585960388184
"9","16",HT8,"16",Huerta Tejada,Crops,"2",0.83,86.33,76.17,0,0.17,0.17,0.17,0.29094973,"984",2.5,28.26,44.34,51.4,51.61,Cultivos,Cultivos,Cultivos,Cultivos,Cultives,0.20004463,0.211981508,0.215274223,0.181342359,0.197540172,"5663","5305","14648",37.072434,-6.320817,28.3024234771729
"10","4",FAO1,"4",Marisma,Marshlands,"3",0,0,5277,0,551,0,0,0.451456566,"5828",2,196,192.96,180.86,146.92,Vegetaci? hidr?ila,Vegetaci? hidr?ila,Vegetaci? hidr?ila,Vegetaci? hidr?ila,Halophytic vegetation,0.178350768,0.169870233,0.170370564,0.151721095,-0.021611502,"9535","8512","11201",37.059935,-6.382716667,22.9410057067871
"11","5",FAO2,"5",Marisma,Marshlands,"3",0,0,3315,0,308,0,0,0.419599076,"3623",2,198.49,187.96,179.12,160.24,Vegetaci? hidr?ila,Vegetaci? hidr?ila,Vegetaci? hidr?ila,Vegetaci? hidr?ila,Halophytic vegetation,0.121265136,0.1213168,0.142089908,0.147232683,-0.024173952,"8965","9356","12055",37.05106833,-6.37995,22.8036308288574
"12","6",FAO3,"6",Marisma,Marshlands,"3",0,337,1481.67,0,287.67,0,0,0.230753015,"6319",1.67,201.86,183.73,176.41,160.04,Vegetaci? hidr?ila,Vegetaci? hidr?ila,Vegetaci? hidr?ila,Vegetaci? hidr?ila,Halophytic vegetation,0.086702359,0.117808017,0.135102006,0.117235789,-0.027111162,"8429","9439","12933",37.04186667,-6.377616667,23.1630916595459
"13","7",FAO4,"7",Marisma,Marshlands,"3",0,0,3931,10,983,0,0,0.741633587,"4924",3,209.09,192.95,180.01,159.12,Vegetaci? hidr?ila,Vegetaci? hidr?ila,Vegetaci? hidr?ila,Vegetaci? hidr?ila,Halophytic vegetation,0.031101409,0.017175367,0.075292606,0.105623202,-0.025130872,"7895","8907","13844",37.03336667,-6.3741,22.9960632324219
"14","8",FAO5,"8",Marisma,Marshlands,"3",0,0,7410,0,310,0,0,0.243004424,"7720",2,203.58,190.08,180.53,163.3,Vegetaci? hidr?ila,Vegetaci? hidr?ila,Vegetaci? hidr?ila,Vegetaci? hidr?ila,Halophytic vegetation,0.03236159,0.058524062,0.086138666,0.105585566,-0.020581898,"7241","8273","14537",37.02526667,-6.368933333,22.8101634979248
"15","9",FAO6,"9",Marisma,Marshlands,"3",0,0,1771,0,19,0,0,0.084840067,"1790",2,196.7,175.93,173.47,167.48,Vegetaci? hidr?ila,Vegetaci? hidr?ila,Vegetaci? hidr?ila,Vegetaci? hidr?ila,Halophytic vegetation,0.164798764,0.13580427,0.11752757,0.10218639,-0.027141538,"6561","7691","14821",37.01726667,-6.36345,22.438570022583
"16","10",FAO7,"10",Marisma,Marshlands,"3",0,44,8851,0,1380,0,0,0.608093581,"10275",3,201.39,173.7,165.72,170.88,Vegetaci? hidr?ila,Vegetaci? hidr?ila,Vegetaci? hidr?ila,Vegetaci? hidr?ila,Halophytic vegetation,0.129438605,0.121876368,0.11222615,0.108687031,-0.027214525,"6007","7359","15011",37.00853333,-6.359633333,22.675838470459
"17","43",MA01,"43",Marisma,Marshlands,"3",0.83,1384,450.83,0.5,2,0.67,4.83,0.566470828,"11062",3.5,98.22,102.92,113.68,115.05,Vegetaci? hal?ila,Vegetaci? hal?ila,Vegetaci? hal?ila,Vegetaci? hal?ila,Halophytic vegetation,0.069413327,0.051791874,0.011954727,-0.022314257,-0.040474257,"184","14537","11062",36.89532833,-6.3478525,22.9069480895996
"18","44",MA02,"44",Marisma,Marshlands,"3",0,75.63,77.25,0.38,0,4,57.88,0.285291881,"1723",2,16.62,16.49,21.16,41.86,Matorral,Matorral,Pastizal,Pastizal,Pastizal,0.429081557,0.417711596,0.258542957,0.278264907,0.214928891,"15921","5089","5084",37.12687806,-6.414836111,25.1455631256104
"19","45",MA04,"45",Marisma,Marshlands,"3",0.17,27.17,70.5,0.17,6,0.83,13.33,0.4530073,"721",2.5,26.3,44.03,49.19,59.48,Pastizal,Pastizal,Pastizal,Pastizal,Pastizal,0.163207758,0.175696494,0.16023878,0.180905623,0.212046057,"15312","5447","5277",37.11793639,-6.415097778,27.1685314178467
"20","46",MA08,"46",Marisma,Marshlands,"3",0,29.4,151.8,0.2,2.8,0.2,35.6,0.660136912,"1283",3,16.11,18.48,69.79,98.69,Cultivos,Cultivos,Cultivos,Cultivos,Cultives,0.152135265,0.14954127,0.163865123,0.157850785,0.156731224,"9769","6796","10565",37.07472833,-6.376944167,27.9306030273438
"21","47",MA09,"47",Marisma,Marshlands,"3",0.5,14.83,1728.83,0,1.5,4.5,18.17,0.428994152,"10613",2.5,99.16,92.36,124.92,126.54,Vegetaci? hidr?ila,Vegetaci? hidr?ila,Vegetaci? hidr?ila,Vegetaci? hidr?ila,Hidrophilic vegetation,0.046785238,0.025889373,0.025226117,-0.00257861,0.016180024,"11730","7095","8671",37.08083167,-6.397940556,26.100643157959
"22","48",MA19,"48",Marisma,Marshlands,"3",0,395.71,2586.29,18,18.14,0,14.86,0.381787541,"21231",2.29,128.22,129.71,114.98,100.86,Vegetaci? hal?ila,Vegetaci? hidr?ila,Vegetaci? hidr?ila,Vegetaci? hidr?ila,Hidrophilic vegetation,0.240360944,0.205077513,0.208867827,0.142009931,0.128591252,"14022","11008","8281",37.0599075,-6.436395278,24.850830078125
"23","49",MA21,"49",Marisma,Marshlands,"3",0,273.29,4021.43,0.86,6.86,12.71,8.86,0.522849138,"30268",3,102.97,101.88,93.41,92.69,Vegetaci? hidr?ila,Vegetaci? hidr?ila,Vegetaci? hidr?ila,Vegetaci? hidr?ila,Hidrophilic vegetation,0.347205038,0.25770587,0.192855563,0.145640565,0.097578247,"13501","12136","9729",37.0461425,-6.435032222,26.6756286621094
"24","50",MA23,"50",Marisma,Marshlands,"3",0,360.57,3607.86,3.71,8.14,0,58.43,0.573455907,"28272",2.29,122.01,107.26,97.77,100.09,Vegetaci? hidr?ila,Vegetaci? hidr?ila,Vegetaci? hidr?ila,Vegetaci? hidr?ila,Hidrophilic vegetation,0.197949163,0.1987474,0.193516008,0.155636039,0.131957327,"13232","12598","9861",37.04032917,-6.433645556,25.2474880218506
"25","51",MA24,"51",Marisma,Marshlands,"3",0,236.75,46.5,0,2.25,0.75,0,0.130441832,"1145",2,80.21,98.53,126.6,124.84,Cultivos,Cultivos,Cultivos,Cultivos,Cultives,0.106863432,0.106187355,0.089975301,0.07515801,0.09678078,"4037","5050","16845",37.03098,-6.330181,27.7876720428467
"26","52",MA25,"52",Marisma,Marshlands,"3",0,584.29,1341.14,2.14,8.86,0,11.43,0.574036634,"13641",2.71,129.97,97.74,95.17,97.45,Vegetaci? hidr?ila,Vegetaci? hidr?ila,Vegetaci? hidr?ila,Vegetaci? hidr?ila,Hidrophilic vegetation,0.319859651,0.276481152,0.205358596,0.178105693,0.190979113,"13142","13232","9435",37.03396778,-6.434474167,24.7422027587891
"27","53",MA26,"53",Marisma,Marshlands,"3",0,129.6,162.6,0,0,0.4,0.2,0.163981789,"1465",2.4,167.93,172.39,174.53,173.58,Vegetaci? hal?ila,Vegetaci? hal?ila,Vegetaci? hal?ila,Vegetaci? hal?ila,Halophytic vegetation,-0.084573871,-0.064357247,-0.059260899,-0.062610141,-0.043480638,"3126","5646","17404",36.987408,-6.331717,23.5445747375488
"28","54",MA28,"54",Marisma,Marshlands,"3",9.17,1351.33,404.67,0.17,1,1.83,0,0.811843291,"10609",3,110.44,126.23,126.24,127.77,Zonas sin vegetaci?,Zonas sin vegetaci?,Zonas sin vegetaci?,Vegetaci? hal?ila,Halophytic vegetation,0.208892207,0.127735181,0.005257265,0.017979892,0.02984851,"237","983","15347",37.022355,-6.285794,23.8032360076904
"29","55",MA31,"55",Marisma,Marshlands,"3",0,476.6,161.6,0.8,2.2,1,0,0.620744606,"10",1,114.64,132.87,121.8,111.6,Vegetaci? hal?ila,Vegetaci? hal?ila,Vegetaci? hal?ila,Vegetaci? hal?ila,Halophytic vegetation,0.007589801,-0.007096661,-0.033672089,-0.032610351,0.022645405,"18","2042","17144",36.99941833,-6.292186667,24.569356918335
"30","56",MA33,"56",Marisma,Marshlands,"3",0,3001.2,3594.2,0,76.4,16.6,0,0.65513288,"3211",3,73.03,92.99,97.21,111.2,Vegetaci? hal?ila,Vegetaci? hal?ila,Vegetaci? hal?ila,Vegetaci? hal?ila,Halophytic vegetation,0.030573416,0.017710156,-0.005040873,-0.004651378,0.022135223,"39","2882","16572",36.99143833,-6.294588333,24.8093280792236
"31","57",MA35,"57",Marisma,Marshlands,"3",0,1145.4,1246.6,0,58.6,2,0,0.772971688,"33442",3.4,73.88,86.14,98.68,109.17,Vegetaci? hal?ila,Vegetaci? hal?ila,Vegetaci? hal?ila,Vegetaci? hal?ila,Halophytic vegetation,0.045832953,0.038178601,0.012782911,-0.004540643,0.022713172,"498","3808","15941",36.98271528,-6.296490278,26.5587902069092
"32","58",MA37,"58",Marisma,Marshlands,"3",0,273.5,309.17,0,1,3.17,37.67,0.466877353,"12263",2.6,132.92,111.31,130.98,140.7,Vegetaci? hal?ila,Vegetaci? hal?ila,Vegetaci? hal?ila,Vegetaci? hidr?ila,Hidrophilic vegetation,-0.006024344,0.020386641,0.028245797,0.208923087,0.246674407,"11457","13707","9149",36.978235,-6.42473,24.648904800415
"33","59",MA38,"59",Marisma,Marshlands,"3",0,1179,1253,5.33,0,3.67,64.5,0.33525998,"3747",2.83,117.23,125.5,135.93,147.54,Vegetaci? hal?ila,Vegetaci? hal?ila,Vegetaci? hal?ila,Vegetaci? hal?ila,Halophytic vegetation,0.051353188,0.026725208,0.016794246,0.028460205,0.023284303,"10725","13534","9637",36.97202,-6.420141944,25.2815265655518
"34","60",MA40,"60",Marisma,Marshlands,"3",0,2313.2,2445,0.2,25.6,2.8,0,0.422260876,"15033",2.5,87.25,104.5,114.75,111.38,Vegetaci? hal?ila,Vegetaci? hal?ila,Vegetaci? hal?ila,Vegetaci? hal?ila,Halophytic vegetation,0.020851793,0.02729844,0.033539954,0.029150531,0.077848799,"581","7418","11731",36.94645361,-6.275191111,26.0588626861572
"35","61",MA41,"61",Marisma,Marshlands,"3",0.8,3247.2,3906.8,24.6,50.2,0.8,0,0.48981845,"23934",2.8,156.93,161.65,145.64,139.13,Vegetaci? hal?ila,Vegetaci? hal?ila,Vegetaci? hal?ila,Vegetaci? hal?ila,Halophytic vegetation,-0.066045959,-0.075514569,-0.079981946,-0.044263304,0.023585069,"812","7195","12795",36.94911222,-6.288159167,24.3091983795166
"36","62",MA44,"62",Marisma,Marshlands,"3",0,3838,1091.8,0,13.6,12.6,0,0.297096445,"36154",3,118.05,130.19,115.53,116.14,Vegetaci? hal?ila,Vegetaci? hal?ila,Vegetaci? hal?ila,Vegetaci? hal?ila,Halophytic vegetation,-0.007220168,-0.018632696,-0.018999135,0.018811635,0.050941019,"484","8460","10934",36.93707056,-6.273458333,26.488733291626
"37","63",MA46,"63",Marisma,Marshlands,"3",0,4809,1615.6,0.4,17.6,1,0,0.320110642,"24780",2.4,123.74,134.91,126.23,118.1,Vegetaci? hal?ila,Vegetaci? hal?ila,Vegetaci? hal?ila,Vegetaci? hal?ila,Halophytic vegetation,-0.049654944,-0.040710687,-0.051694947,-6.85e-05,0.044847536,"374","9440","10543",36.92826222,-6.276149722,26.2100524902344
"38","64",MA47,"64",Marisma,Marshlands,"3",0,1033.6,1126.6,0,14,1,3.4,0.448071011,"32218",2,135.39,111.04,99.78,97.39,Vegetaci? hal?ila,Vegetaci? hal?ila,Vegetaci? hal?ila,Vegetaci? hal?ila,Halophytic vegetation,-0.076961548,-0.052169075,-0.028622081,-0.037637991,0.007289773,"357","10826","10425",36.9159625,-6.284031389,20.0580711364746
"39","65",MA48,"65",Marisma,Marshlands,"3",0,1464.4,2586.4,0.2,44.4,0.4,0,0.340745271,"10893",2.8,162.08,156.27,136.68,126.81,Vegetaci? hal?ila,Vegetaci? hal?ila,Vegetaci? hal?ila,Vegetaci? hal?ila,Halophytic vegetation,-0.126376183,-0.11643669,-0.086728938,-0.073823271,-0.075387564,"628","10955","11550",36.91607944,-6.298019722,23.3563613891602
"40","66",MA49,"66",Marisma,Marshlands,"3",2,1,343,1,9,3,3,0.482143572,"20479",3.2,202.54,170.46,154.21,128.79,Vegetaci? hidr?ila,Vegetaci? hidr?ila,Vegetaci? hidr?ila,Vegetaci? hidr?ila,Hidrophilic vegetation,0.04545716,0.044692232,0.021382809,0.001782762,0.026322661,"4706","14501","14303",36.91884528,-6.389511111,21.6068534851074
"41","67",MA51,"68",Marisma,Marshlands,"3",0.2,906.4,630.6,0,7.8,0,0,0.332785533,"9235",2.2,148.2,142.38,114.42,122.46,Vegetaci? hal?ila,Vegetaci? hal?ila,Vegetaci? hal?ila,Vegetaci? hal?ila,Halophytic vegetation,-0.077048334,-0.06068089,-0.060853724,-0.066232535,-0.037363523,"359","12209","12702",36.90947306,-6.322217778,23.7647037506104
"42","68",MA52,"69",Marisma,Marshlands,"3",0,974,442.2,0.8,1.6,0.4,1.4,0.378171179,"7725",1.8,148.18,125.88,114.91,119.64,Vegetaci? hal?ila,Vegetaci? hal?ila,Vegetaci? hal?ila,Vegetaci? hal?ila,Halophytic vegetation,-0.091732593,-0.069493576,-0.044867717,-0.06950565,-0.034607461,"355","12631","12448",36.90777472,-6.330051111,23.9381370544434
"43","69",MA53,"70",Marisma,Marshlands,"3",1.67,480.83,306.17,1.33,4,0.33,1,0.128273251,"7102",3,189.09,187.32,144.03,132.25,Zonas sin vegetaci?,Zonas sin vegetaci?,Zonas sin vegetaci?,Zonas sin vegetaci?,Bare soil,0.205245466,0.080247334,0.063557997,-0.099246748,-0.195246349,"613","17122","8948",36.87463056,-6.361136111,22.1464290618896
"44","70",MA54,"71",Marisma,Marshlands,"3",4.5,1183.17,119.83,0,3.33,0.17,0.17,0.201026839,"4774",3.33,83.43,99.35,97.98,103.24,Zonas sin vegetaci?,Zonas sin vegetaci?,Zonas sin vegetaci?,Zonas sin vegetaci?,Bare soil,0.042878485,-0.006812972,-0.162499303,-0.181665763,-0.181574638,"94","17646","8166",36.86805389,-6.357433056,23.7511806488037
"45","71",MA55,"72",Marisma,Marshlands,"3",0,1347.5,473.5,0.5,0.33,0.5,0.33,0.152908073,"7867",2.5,143.96,126.57,113,122.52,Vegetaci? hal?ila,Vegetaci? hal?ila,Vegetaci? hal?ila,Vegetaci? hal?ila,Halophytic vegetation,0.029590356,0.019298986,-0.023278995,-0.018531384,-0.072842872,"311","13905","11607",36.900385,-6.344575833,23.2892208099365
"46","72",MA56,"73",Marisma,Marshlands,"3",0.5,562.5,78.17,0,2.33,0,0.33,0.225769949,"10936",2.33,176.04,181.85,178.3,153.06,Vegetaci? hal?ila,Vegetaci? hal?ila,Zonas sin vegetaci?,Zonas sin vegetaci?,Bare soil,0.062436962,0.005677718,-0.112890685,-0.145023973,-0.191494386,"957","16296","9924",36.88342389,-6.362254167,23.2111415863037
"47","94",TP1,"95",Marisma,Marshlands,"3",0,0,6781.5,319.5,2769.5,32,0,1.30669887,"1803",3.78,172.95,172.27,151.23,126.99,Vegetaci? hidr?ila,Vegetaci? hidr?ila,Vegetaci? hidr?ila,Vegetaci? hidr?ila,Hidrophilic vegetation,0.243834944,0.149437843,0.162034669,0.209171571,0.219099563,"12575","13547","9534",37.02823,-6.42961,23.1435241699219
"48","95",TP2,"96",Marisma,Marshlands,"3",0,0,12799,85.5,7041,12,0,1.050413375,"19805",4,186.36,188.51,165.99,132.11,Vegetaci? hidr?ila,Vegetaci? hidr?ila,Vegetaci? hidr?ila,Vegetaci? hidr?ila,Hidrophilic vegetation,0.31969406,0.274393684,0.267005232,0.262525569,0.254791916,"12424","13666","9089",37.01924,-6.43051,22.5556659698486
"49","96",TP3,"97",Marisma,Marshlands,"3",0,0,4068.5,6,2075.5,21,0,0.797416867,"39875",3,182.83,189.39,179.1,137.02,Vegetaci? hidr?ila,Vegetaci? hidr?ila,Vegetaci? hidr?ila,Vegetaci? hidr?ila,Hidrophilic vegetation,0.331207767,0.283853047,0.280520273,0.292455715,0.279533122,"12337","13798","8678",37.0103,-6.4321,22.8870239257813
"50","97",TP4,"98",Marisma,Marshlands,"3",0,0,4245,35,2462.5,32.5,0,1.027384105,"12342",3,184.88,189.89,196.24,169.22,Vegetaci? hidr?ila,Vegetaci? hidr?ila,Vegetaci? hidr?ila,Vegetaci? hidr?ila,Hidrophilic vegetation,0.335858544,0.297205108,0.292726171,0.297250214,0.285302123,"11777","13447","8920",37.00201,-6.42754,23.0533599853516
"51","98",TP5,"99",Marisma,Marshlands,"3",0,14,2985,43,9512.5,15.5,0,0.783804709,"13550",4,196.14,199.41,204.91,171.43,Vegetaci? hidr?ila,Vegetaci? hidr?ila,Vegetaci? hidr?ila,Vegetaci? hidr?ila,Hidrophilic vegetation,0.319183763,0.290220695,0.288282531,0.275878096,0.281542976,"11414","13308","9127",36.9933,-6.42452,23.0133724212646
"52","99",TP6,"100",Marisma,Marshlands,"3",0,0,4761,91.5,11330.5,65,20.5,0.964677817,"25140",3.5,200.84,193.61,184.2,164.82,Vegetaci? hidr?ila,Vegetaci? hidr?ila,Vegetaci? hidr?ila,Pastizal,Pastizal,0.273243183,0.263185386,0.255557556,0.23181911,0.260752243,"11016","13124","9516",36.98496,-6.42024,23.1153087615967
"53","100",TP7,"101",Marisma,Marshlands,"3",0,0,3232,82.5,7895,18.5,0,0.941284911,"32538",4,170.65,158.53,159.45,162.99,Vegetaci? hidr?ila,Vegetaci? hidr?ila,Vegetaci? hidr?ila,Vegetaci? hidr?ila,Hidrophilic vegetation,0.24713988,0.225515446,0.219875385,0.225050979,0.236268091,"10590","12902","10041",36.97706,-6.41481,22.9137535095215
"54","101",TP8,"102",Marisma,Marshlands,"3",0,0,3198.5,135.5,4476,58,0,1.030013736,"22456",3.5,202.23,165.5,135.74,100.54,Vegetaci? hidr?ila,Vegetaci? hidr?ila,Vegetaci? hidr?ila,Vegetaci? hidr?ila,Hidrophilic vegetation,0.265440158,0.281790723,0.297956439,0.283559838,0.282338799,"12480","14474","8056",36.98836,-6.4367,23.5668182373047
"55","17",M01,"17",Monte,Scrubland,"4",1.25,28.88,237.63,0.88,0.25,2.75,54.75,0.800483831,"2698",3.88,2,1.93,20.17,57.71,Matorral,Matorral,Matorral,Matorral,Scrubland/forest,0.397519731,0.401849939,0.396869411,0.379834782,0.374501156,"11925","15497","7743",36.96950528,-6.442368333,26.8016128540039
"56","18",M02,"18",Monte,Scrubland,"4",0.67,6.78,145,1.78,0,3.11,0.78,0.705809957,"1471",3,115.18,54.51,29.07,10.68,Pastizal,Pastizal,Pastizal,Matorral,Scrubland/forest,0.414852333,0.330826233,0.381203487,0.349146935,0.321961898,"15394","18689","3995",36.97956667,-6.48275,24.2409477233887
"57","19",M03,"19",Monte,Scrubland,"4",0.38,44.63,120.13,0.13,0.25,6.63,13.5,0.610589116,"1486",3,0,3.72,18.97,52.39,Matorral,Matorral,Matorral,Matorral,Scrubland/forest,0.483705936,0.412516583,0.394718315,0.382835341,0.394688221,"12694","15445","7378",36.97761194,-6.444776389,23.4491653442383
"58","20",M04,"20",Monte,Scrubland,"4",2.44,8.78,75.22,13.78,0.56,63.56,6.67,1.225008135,"1560",4.33,10.23,27.88,21.99,15.31,Matorral,Matorral,Matorral,Matorral,Scrubland/forest,0.386109866,0.431048046,0.452337628,0.41775133,0.355794589,"15819","18821","3737",36.98331667,-6.485166667,25.2938995361328
"59","21",M05,"21",Monte,Scrubland,"4",2.22,105.33,209.44,2.33,0,46.44,1.89,0.687998773,"3324",3.78,0,1.35,5.86,14.83,Matorral,Matorral,Matorral,Matorral,Scrubland/forest,0.338526271,0.419208868,0.418079365,0.443674511,0.438067638,"15063","17123","5338",36.98961667,-6.467166667,25.2281951904297
"60","22",M06,"22",Monte,Scrubland,"4",0.56,20.33,357.11,4.22,0,8.89,9.44,0.600833966,"3622",3.56,25.42,8.94,6.83,29.94,Matorral,Matorral,Matorral,Matorral,Scrubland/forest,0.312884003,0.395989925,0.437733431,0.449202088,0.435261744,"14127","16067","6405",36.98966667,-6.455166667,24.5884399414063
"61","23",M07,"23",Monte,Scrubland,"4",0.11,13.11,369.33,3,0,9.56,59.33,0.886846015,"4095",3.56,29.37,56.58,77.08,76.12,Pastizal,Pastizal,Pastizal,Matorral,Scrubland/forest,0.389286216,0.377630478,0.389480585,0.439283995,0.415817705,"12966","14964","7567",36.9878,-6.442166667,26.7091369628906
"62","24",M08,"24",Monte,Scrubland,"4",2.67,21.22,86.67,6.56,0,7,2.78,0.876222285,"1160",3.56,0,1.48,3.09,10.92,Matorral,Matorral,Matorral,Matorral,Scrubland/forest,0.448174924,0.442712399,0.428317336,0.437704249,0.422965741,"16484","18616","3766",36.99315361,-6.484699167,24.679220199585
"63","25",M09,"25",Monte,Scrubland,"4",1.11,17.22,35.22,9.44,0.11,17.56,5.67,1.114577897,"784",3.89,0.25,1.37,0.52,2.49,Matorral,Matorral,Matorral,Matorral,Scrubland/forest,0.336387236,0.37546172,0.382239826,0.382861105,0.394849321,"18898","19992","2006",37.00361667,-6.509166667,25.7556209564209
"64","26",M10,"26",Monte,Scrubland,"4",0.56,77.78,30.11,2,0,4.56,4.56,1.047890646,"1094",3.78,0,0.48,0.76,3.73,Matorral,Matorral,Matorral,Matorral,Hidrophilic vegetation,0.328092909,0.367862398,0.3968766,0.407464811,0.470471128,"18272","19812","2363",37.00106667,-6.502666667,25.8995552062988
"65","27",M11,"27",Monte,Scrubland,"4",0.89,52.11,124.67,9,0.56,34.33,17.56,1.122057933,"2160",4.22,0.51,0.69,0.82,24.37,Matorral,Matorral,Matorral,Matorral,Scrubland/forest,0.402147802,0.441827171,0.460872935,0.443839582,0.432811339,"14272","15989","6380",37.00028333,-6.456,26.0624046325684
"66","28",M12,"28",Monte,Scrubland,"4",0.44,50.11,66,26.89,0.67,39.78,14.33,1.271660775,"2004",4.44,0.51,1.01,2.96,1.72,Matorral,Matorral,Matorral,Matorral,Scrubland/forest,0.495813632,0.396218484,0.386511596,0.385898698,0.401749459,"18817","19605","2384",37.00638333,-6.5065,23.7310619354248
"67","29",M13,"29",Monte,Scrubland,"4",0.14,1406.64,468.29,8.36,4.43,26.79,93,0.494618498,"14054",3.57,0,3.34,7.78,47.79,Matorral,Matorral,Matorral,Matorral,Scrubland/forest,0.329199236,0.400789106,0.418860753,0.422829256,0.403388355,"13905","14716","8005",37.02410972,-6.4461725,26.5143203735352
"68","30",M14,"30",Monte,Scrubland,"4",0.78,17.11,82.22,4.78,0.11,1.78,13.33,0.844194833,"1091",3.33,51.1,21.74,11.41,5.72,Bosque,Bosque,Matorral,Matorral,Scrubland/forest,0.487121855,0.469747412,0.391507138,0.363816692,0.374603731,"20168","17672","4773",37.03861667,-6.514166667,23.2954044342041
"69","31",M15,"31",Monte,Scrubland,"4",0,39.5,265.75,8.63,0.13,3.13,5.88,0.386171065,"2585",2.5,18.47,10.2,11.07,5.36,Matorral,Matorral,Matorral,Matorral,Scrubland/forest,0.341745707,0.353531145,0.382714555,0.39853494,0.385077416,"19213","16696","5627",37.04103,-6.502439722,25.6212425231934
"70","32",M16,"32",Monte,Scrubland,"4",0,92.38,137.13,3,0,3.75,11.13,0.527029729,"1979",2.63,1.71,10.51,7.79,8.96,Matorral,Matorral,Matorral,Matorral,Scrubland/forest,0.404654383,0.366222902,0.382119357,0.380852667,0.371447746,"19784","16341","6207",37.05011,-6.506376111,24.4687938690186
"71","33",M17,"33",Monte,Scrubland,"4",0,51.75,181.25,1.75,0.13,3.75,4.75,0.344605041,"1948",2.88,7.35,8.93,7.11,8,Matorral,Matorral,Matorral,Matorral,Scrubland/forest,0.387574527,0.351175052,0.37838273,0.374014393,0.357816544,"20116","16111","6596",37.05599167,-6.508484167,19.0122890472412
"72","34",M18,"34",Monte,Scrubland,"4",0,162.63,332,6.38,8.88,11.63,26.75,0.773768864,"4386",3.38,0,0.59,1.09,31.97,Pastizal,Matorral,Matorral,Matorral,Scrubland/forest,0.385325876,0.415354438,0.369432623,0.366776126,0.380723375,"15383","12119","7901",37.0586025,-6.452896667,26.123966217041
"73","35",M19,"35",Monte,Scrubland,"4",0,860.25,860.13,15.5,2.75,19,16.63,0.523757983,"14198",4,0,0.42,0.23,12.01,Bosque,Bosque,Bosque,Matorral,Halophytic vegetation,0.442616925,0.449355355,0.457922836,0.379916653,0.400295284,"16627","12020","6543",37.0692075,-6.463371389,24.3471202850342
"74","36",M20,"36",Monte,Scrubland,"4",0,1365.63,1009.63,1.75,9,4.88,18.25,0.537601509,"19274",3.13,114.53,102.65,84.98,73.5,Vegetaci? hidr?ila,Vegetaci? hidr?ila,Vegetaci? hidr?ila,Vegetaci? hidr?ila,Hidrophilic vegetation,0.32716175,0.347853673,0.325158579,0.27300405,0.225422102,"15254","10769","6831",37.07066056,-6.44627,26.010871887207
"75","37",M21,"37",Monte,Scrubland,"4",0,1085,896.75,8.63,0.13,9.25,29.25,0.488410477,"16254",4,0,1.59,0.46,7.81,Pastizal,Pastizal,Bosque,Matorral,Scrubland/forest,0.299677684,0.325792297,0.430127156,0.379313053,0.352614233,"17223","11652","5542",37.07791917,-6.466484444,26.4005088806152
"76","38",M22,"38",Monte,Scrubland,"4",0,1001.25,1176,4.38,0.38,5.13,9.5,0.39401462,"17575",3.25,0.46,1.04,0.5,4.33,Pastizal,Matorral,Matorral,Matorral,Scrubland/forest,0.317692834,0.309856185,0.322477215,0.323780291,0.344998877,"17826","11652","4867",37.0835525,-6.471112778,28.0284938812256
"77","39",M24,"39",Monte,Scrubland,"4",0,176.13,1043.38,14.88,2.13,4.38,17.25,0.560864366,"10071",3.75,59.34,50.67,44.98,37.24,Bosque,Bosque,Bosque,Vegetaci? hidr?ila,Pastizal,0.385223573,0.337661273,0.297730924,0.318540536,0.393720256,"19636","10662","1331",37.11518389,-6.475775278,26.1154747009277
"78","40",M25,"40",Monte,Scrubland,"4",0.13,7.13,3.5,0.5,0,0.13,0.25,0.635181207,"96",2,0,0,0,0,Matorral,Matorral,Matorral,Matorral,Scrubland/forest,0.2750782,0.275379595,0.272189923,0.292228495,0.301462001,"23224","21567","1164",37.02223333,-6.553666667,22.3462562561035
"79","41",M26,"41",Monte,Scrubland,"4",0.11,14.78,116.67,6.11,0,5.11,3.56,0.574773948,"1327",2.78,0,0.21,1.45,8.25,Bosque,Bosque,Bosque,Matorral,Scrubland/forest,0.376343473,0.414728544,0.417425034,0.323113625,0.326451764,"23108","19808","3400",37.04231667,-6.547,19.3097972869873
"80","42",M27,"42",Monte,Scrubland,"4",0,25.56,855.67,5.11,1.44,5.67,12,0.699405204,"8157",3.33,2.78,3.97,6.24,7.34,Matorral,Matorral,Matorral,Matorral,Scrubland/forest,0.323437851,0.326865376,0.332930887,0.320960186,0.330543547,"21892","18729","4104",37.04278333,-6.532833333,25.4420909881592
"81","89",T1,"90",Monte,Scrubland,"4",0.29,8.29,1.14,8.43,0,2.43,0.14,0.596933617,"1896",3.67,0,0,0,0.05,Matorral,Matorral,Matorral,Matorral,Scrubland/forest,0.158238341,0.25083523,0.285512003,0.306526148,0.314320459,"21644","20677","1731",37.01789722,-6.536580556,27.2242221832275
"82","90",T2,"91",Monte,Scrubland,"4",4.89,38.44,26.56,53.33,0.78,46.78,17.56,1.340929811,"146",2.57,0.12,0.16,1.22,4.03,Matorral,Matorral,Matorral,Matorral,Scrubland/forest,0.46987959,0.411778856,0.412279779,0.427618942,0.413890901,"17567","19587","2790",36.99735556,-6.496225,24.8876190185547
"83","91",T3,"92",Monte,Scrubland,"4",9.56,6.67,68,13.33,0.33,22.78,1.89,1.229578735,"1710",4.78,5.4,31.19,29.03,15.71,Matorral,Matorral,Matorral,Matorral,Scrubland/forest,0.402871511,0.462382785,0.478374858,0.417433908,0.37533397,"15695","18604","3943",36.98390278,-6.482813889,23.596363067627
"84","92",T4,"93",Monte,Scrubland,"4",2.22,35.11,178,5.89,0.44,16,9.56,1.077115322,"1114",3.89,1.04,3.41,13.11,45.19,Matorral,Matorral,Matorral,Matorral,Scrubland/forest,0.504437567,0.53815864,0.453208441,0.438067047,0.426840463,"13725","15657","6805",36.99031944,-6.450638889,22.8875923156738
"85","93",T5,"94",Monte,Scrubland,"4",0.33,25.89,142.33,6.56,0,13.56,10.11,0.895384656,"2238",4.33,10.74,41.8,67.33,74.16,Pastizal,Pastizal,Pastizal,Matorral,Scrubland/forest,0.33166126,0.363873787,0.389474265,0.431498307,0.419213915,"13068","15039","7466",36.98892778,-6.443291667,27.4583511352539
"86","73",P01,"74",Playa,Sand_dunes,"5",3.88,3691.5,31,5.75,5.5,1.63,0.38,0.761121937,"3864",2.83,11.25,4.18,6.65,7.69,Bosque,Bosque,Bosque,Bosque,Bare soil,0.489053446,0.466438817,0.466829545,0.50193317,-0.147004609,"550","24264","1317",36.80309639,-6.351399167,21.4961624145508
"87","74",P02,"75",Playa,Sand_dunes,"5",4,2458.13,19.38,0.13,0,1.88,0.13,0.485575105,"29924",3.75,0,7.35,15.78,13.87,Bosque,Bosque,Bosque,Bosque,Scrubland/forest,0.540795237,0.538740097,0.506532084,0.479610296,0.473529127,"1126","23454","2914",36.81399639,-6.364190556,19.8931465148926
"88","75",P03,"76",Playa,Sand_dunes,"5",45.56,2675,35.89,0.78,3.56,1.44,3.11,0.530803133,"19869",2.5,9.91,12.48,15.83,17.73,Bosque,Bosque,Bosque,Bosque,Scrubland/forest,0.445376662,0.471147932,0.475123871,0.486573327,0.471440713,"1388","21706","5249",36.83407111,-6.374286667,21.3150043487549
"89","76",P04,"77",Playa,Sand_dunes,"5",16.22,720,75.67,2.56,0,4.56,2.33,0.761766225,"24906",3.33,0.27,5.84,38.62,43.41,Bosque,Bosque,Bosque,Bosque,Scrubland/forest,0.39973334,0.394727274,0.422190357,0.425818016,0.431809381,"1067","19941","6668",36.8503525,-6.371141389,22.3441352844238
"90","77",P05,"78",Playa,Sand_dunes,"5",3.89,362,111.67,12.78,0.22,8.89,5.33,0.970061773,"7400",4,47.96,75.33,78.17,69.06,Zonas sin vegetaci?,Zonas sin vegetaci?,Zonas sin vegetaci?,Zonas sin vegetaci?,Bare soil,0.308105563,0.122804849,-0.066553004,-0.129431872,-0.075904001,"1692","19395","7698",36.8582575,-6.377309444,24.3147163391113
"91","78",P06,"79",Playa,Sand_dunes,"5",19,11.5,67.5,74,0,11.5,0,1.596710061,"4572",4.33,67.39,78.87,83.34,74.06,Zonas sin vegetaci?,Zonas sin vegetaci?,Zonas sin vegetaci?,Zonas sin vegetaci?,Bare soil,0.055020296,0.010995868,-0.019609974,-0.05851678,-0.073502568,"3094","18157","10021",36.87682417,-6.389315556,25.1566352844238
"92","79",P07,"80",Playa,Sand_dunes,"5",7.89,594.78,215.67,10.11,5.89,3.22,17.33,0.733177235,"376",4.5,0,26.17,61.67,82.08,Bosque,Bosque,Bosque,Bosque,Bare soil,0.495603668,0.453246149,0.421044973,0.401323956,-0.125234375,"3319","17254","10950",36.88629889,-6.388662222,22.0276622772217
"93","80",P08,"81",Playa,Sand_dunes,"5",4.38,268,358,8.75,1.75,2.63,28.63,0.601210975,"7727",4.22,0,0,0.26,9.36,Bosque,Matorral,Matorral,Bosque,Scrubland/forest,0.278077483,0.250827919,0.240653041,0.333375287,0.148879143,"4756","17002","12535",36.89722389,-6.401538611,27.7431659698486
"94","81",P09,"82",Playa,Sand_dunes,"5",7.78,319.56,752.44,19.33,0.11,8.56,27.56,0.884154184,"5433",3.75,0,0.05,1.81,58.89,Bosque,Bosque,Bosque,Bosque,Bare soil,0.363973149,0.386014046,0.409486822,0.377060158,-0.099588728,"3842","16870","11759",36.89288389,-6.392536944,26.7635459899902
"95","82",P10,"83",Playa,Sand_dunes,"5",5.56,35.78,523.22,143.33,2.33,11.33,24.44,1.239327778,"10310",4.78,136.33,112.51,110.12,111.71,Vegetaci? hal?ila,Vegetaci? hal?ila,Zonas sin vegetaci?,Zonas sin vegetaci?,Bare soil,-0.038548137,-0.004544319,-0.066418215,-0.151421435,-0.130173573,"3810","15255","13019",36.90713028,-6.385780278,22.2544212341309
"96","83",P11,"84",Playa,Sand_dunes,"5",1.13,604,376.75,6.5,9.13,4.13,118,1.100347354,"6801",6.33,0,0,0.34,14.57,Matorral,Matorral,Pastizal,Pastizal,Scrubland/forest,0.111711194,0.080433072,-0.037249401,0.013630293,0.063484988,"6643","16367","12549",36.91630556,-6.415444722,26.914571762085
"97","84",P12,"85",Playa,Sand_dunes,"5",15.33,337,456.89,23.89,3,13,23.89,1.016939867,"8999",5,0,0.1,0.88,1.24,Matorral,Matorral,Matorral,Matorral,Scrubland/forest,0.021564662,-0.00172913,0.026037256,0.022888784,0.026725619,"9407","17937","9974",36.9241275,-6.444994167,24.6522846221924
"98","85",P13,"86",Playa,Sand_dunes,"5",2.63,410.13,1021.13,17.13,9.88,9.5,13.25,0.741838646,"7995",4.89,0.52,1.09,5.92,35.8,Pastizal,Pastizal,Pastizal,Pastizal,Pastizal,-0.05241792,-0.051252102,-0.024227,0.089762436,0.119363389,"7438","16071","11618",36.92521056,-6.420247778,26.4328098297119
"99","86",P14,"87",Playa,Sand_dunes,"5",1.5,526.33,489,2.33,0.17,21.5,57,0.903663632,"12038",4.25,0,0.42,6.85,45,Pastizal,Pastizal,Pastizal,Pastizal,Pastizal,-0.042660878,-0.046447651,0.010881604,0.098886165,0.117029986,"7083","15870","11962",36.92421556,-6.416417778,25.4100246429443
"100","87",P17,"88",Playa,Sand_dunes,"5",0.13,22.25,380.63,4.38,5.25,5.63,1.25,0.42459816,"6668",4.5,0,0,0.02,1.47,Bosque,Matorral,Zonas sin vegetaci?,Zonas sin vegetaci?,Bare soil,0.315422985,0.082742559,-0.040500268,-0.103100884,-0.226761613,"17592","21581","1440",36.9764775,-6.515072222,23.7958068847656
"101","88",P18,"89",Playa,Sand_dunes,"5",1.78,35.67,86.56,5.67,31.78,10.11,38.11,1.094848034,"3385",3.5,0,0,0,0.86,Matorral,Matorral,Zonas sin vegetaci?,Zonas sin vegetaci?,Bare soil,0.186048023,0.166059713,0.04911684,-0.091049111,-0.219974492,"18731","22215","283",36.98445583,-6.523993611,26.6923847198486
"102","102",V1,"103",Veta la Palma,Fishponds,"6",31.78,109.89,163.78,0.11,3.33,0,0.89,0.34339055,"15738",4,25.97,43.87,64.05,72.31,Vegetaci? hal?ila,Vegetaci? hal?ila,Vegetaci? hal?ila,Vegetaci? hal?ila,Halophytic vegetation,0.198288785,0.222648467,0.236798494,0.202850111,0.083834992,"104","11036","9351",36.91386,-6.27175,18.3947868347168
"103","103",V10,"104",Veta la Palma,Fishponds,"6",8.22,229.33,826.22,0,16.33,0,0.67,0.263566622,"2789",2.22,78.57,130.23,127.92,107.46,Vegetaci? hal?ila,Vegetaci? hal?ila,Vegetaci? hal?ila,Vegetaci? hal?ila,Halophytic vegetation,0.22147761,0.216399918,0.172624375,0.122519806,0.121845434,"2902","2931","13630",36.99408,-6.21948,24.7831420898438
"104","104",V2,"105",Veta la Palma,Fishponds,"6",0.5,76.13,54.25,0.63,4.13,1.63,0,0.36242976,"9732",2.33,65.28,63.17,56.53,44.05,Zonas sin vegetaci?,Vegetaci? hal?ila,Vegetaci? hal?ila,Vegetaci? hal?ila,Bare soil,0.114855978,0.132142064,0.160991263,0.177458472,-0.185164277,"1146","8584","6355",36.9227,-6.2177,22.4940986633301
"105","105",V3,"106",Veta la Palma,Fishponds,"6",54.29,497,269.43,0,2.14,0,0.14,0.623551505,"1100",2.25,45.31,71.61,92.43,87.09,Vegetaci? hal?ila,Vegetaci? hal?ila,Vegetaci? hal?ila,Vegetaci? hal?ila,Halophytic vegetation,0.291231066,0.255434744,0.207513744,0.127113325,0.077261956,"108","8496","10368",36.93683,-6.2654,23.4746913909912
"106","106",V4,"107",Veta la Palma,Fishponds,"6",15,124.17,524.17,0.67,29,18.67,0,0.99569241,"5769",2.57,61.04,75.75,80.19,85.7,Vegetaci? hal?ila,Vegetaci? hal?ila,Vegetaci? hal?ila,Vegetaci? hal?ila,Halophytic vegetation,0.125594559,0.167442988,0.176186186,0.137025094,0.095571312,"270","7297","11135",36.94771,-6.26429,24.4028339385986
"107","107",V5,"108",Veta la Palma,Fishponds,"6",4.63,180.38,102.88,0,11.13,0,0,0.323669809,"4275",3.83,150.85,108.06,95.35,72.68,Vegetaci? hal?ila,Vegetaci? hal?ila,Vegetaci? hal?ila,Vegetaci? hal?ila,Halophytic vegetation,-0.093891077,-0.065767341,-0.054084312,0.028500263,0.094914284,"1272","6004","7835",36.94318,-6.202983,16.1163940429688
"108","108",V6,"109",Veta la Palma,Fishponds,"6",21.75,111.63,83.75,0.13,9.5,0.13,0,0.399958269,"2392",2,169.36,139.53,123.68,93.75,Vegetaci? hal?ila,Vegetaci? hal?ila,Vegetaci? hal?ila,Vegetaci? hal?ila,Halophytic vegetation,-0.166988382,-0.131249436,-0.027686982,0.021323274,0.055282371,"3247","4664","10382",36.96333,-6.21771,23.5867748260498
"109","109",V7,"110",Veta la Palma,Fishponds,"6",30.38,276,289.5,1.88,18.5,2.63,0.75,0.634373181,"1826",2.75,77.23,85.9,72.96,71.51,Vegetaci? hal?ila,Vegetaci? hal?ila,Vegetaci? hal?ila,Zonas sin vegetaci?,Halophytic vegetation,0.147744239,0.128262,0.124946263,-0.052762076,0.143572674,"1749","4343","13453",36.9744,-6.26458,24.228343963623
"110","110",V8,"111",Veta la Palma,Fishponds,"6",6.33,128.33,162.33,0.11,2.56,0.11,1.22,0.542511017,"4957",3.25,42.38,73.88,61.97,68.72,Zonas sin vegetaci?,Vegetaci? hal?ila,Vegetaci? hal?ila,Vegetaci? hal?ila,Halophytic vegetation,0.197603303,0.262170794,0.267654914,0.247118677,0.197219435,"270","3005","14440",36.98774,-6.25905,24.5734767913818
"111","111",V9,"112",Veta la Palma,Fishponds,"6",0.44,8.78,190.56,0,17.56,0,0,0.439738199,"2719",3.33,91.84,95.55,88.64,104.4,Vegetaci? hal?ila,Vegetaci? hal?ila,Vegetaci? hal?ila,Vegetaci? hal?ila,Halophytic vegetation,0.001894691,0.127891634,0.175701294,0.119473439,0.115428267,"3426","2812","13012",36.99025,-6.21421,21.4855823516846
