fid,id,id_2,Name,X,Y,HIDRO_MEAN_500,NDVI_2000,DIST_ARROZ,DIST_urbano,Unit
351,344,2,Crops,742797.7995,4108869.252,54,0.374501156,15497,7743,Huerta Tejada
352,345,2,Crops,744247.3013,4107288.022,34,0.321961898,18689,3995,Huerta Tejada
353,346,2,Crops,747031.6033,4106688.999,57,0.394688221,15445,7378,Huerta Tejada
354,347,2,Crops,736938.5771,4108057.619,36,0.355794589,18821,3737,Huerta Tejada
355,348,2,Crops,742775.5796,4106734.322,56,0.438067638,17123,5338,Huerta Tejada
356,349,2,Crops,745881.4976,4106036.5,50,0.435261744,16067,6405,Huerta Tejada
357,350,2,Crops,744578.6768,4108235.352,66,0.415817705,14964,7567,Huerta Tejada
358,351,2,Crops,742395.3855,4107757.486,39,0.422965741,18616,3766,Huerta Tejada
359,352,2,Crops,739724.4781,4109985.611,60,0.394849321,19992,2006,Huerta Tejada
360,353,2,Crops,739682.3909,4108557.051,40,0.470471128,19812,2363,Huerta Tejada
361,354,2,Crops,737890.5922,4109398.341,57,0.432811339,15989,6380,Huerta Tejada
362,355,2,Crops,744288.5284,4105996.947,66,0.401749459,19605,2384,Huerta Tejada
363,356,2,Crops,735826.8781,4106606.567,61,0.403388355,14716,8005,Huerta Tejada
364,357,2,Crops,738302.017,4106458.872,44,0.374603731,17672,4773,Huerta Tejada
365,358,2,Crops,735755.3882,4107815.763,54,0.385077416,16696,5627,Huerta Tejada
366,359,2,Crops,737912.7702,4110471.851,47,0.371447746,16341,6207,Huerta Tejada
367,360,2,Crops,735588.097,4109107.455,33,0.357816544,16111,6596,Huerta Tejada
368,361,2,Crops,741440.3242,4108244.953,56,0.380723375,12119,7901,Huerta Tejada
369,362,2,Crops,739015.3784,4107811.592,32,0.400295284,12020,6543,Huerta Tejada
370,363,2,Crops,733544.0342,4107588.413,50,0.225422102,10769,6831,Huerta Tejada
371,364,2,Crops,741781.4181,4109504.186,49,0.352614233,11652,5542,Huerta Tejada
372,365,2,Crops,736969.4821,4106705.002,58,0.344998877,11652,4867,Huerta Tejada
373,366,2,Crops,743548.7511,4109939.004,64,0.393720256,10662,1331,Huerta Tejada
374,367,2,Crops,734507.3973,4109119.144,43,0.301462001,21567,1164,Huerta Tejada
375,368,2,Crops,743390.995,4107992.983,37,0.326451764,19808,3400,Huerta Tejada
376,369,2,Crops,740782.6704,4108999.939,66,0.330543547,18729,4104,Huerta Tejada
377,370,2,Crops,746039.581,4107283.326,42,0.314320459,20677,1731,Huerta Tejada
378,371,2,Crops,741037.229,4106946.857,60,0.413890901,19587,2790,Huerta Tejada
379,372,2,Crops,734557.7784,4106748.866,37,0.37533397,18604,3943,Huerta Tejada
380,373,2,Crops,739449.6937,4106525.101,51,0.426840463,15657,6805,Huerta Tejada
381,374,2,Crops,736529.3966,4110511.51,64,0.419213915,15039,7466,Huerta Tejada
382,375,2,Crops,745137.8789,4106773.175,60,0.380723375,12119,7901,Huerta Tejada
383,376,2,Crops,738911.7656,4109330.05,37,0.400295284,12020,6543,Huerta Tejada
384,377,2,Crops,736812.7941,4109379.737,56,0.225422102,10769,6831,Huerta Tejada
386,378,2,Crops,735173.2063,4110110.207,41,0.352614233,11652,5542,Huerta Tejada
387,379,2,Crops,740145.4821,4107432.036,61,0.344998877,11652,4867,Huerta Tejada
388,380,2,Crops,739286.0001,4111220.76,58,0.393720256,10662,1331,Huerta Tejada
389,381,2,Crops,738245.4485,4108461.681,52,0.301462001,21567,1164,Huerta Tejada
390,382,2,Crops,734708.4555,4108138.059,35,0.326451764,19808,3400,Huerta Tejada
391,383,2,Crops,741805.3496,4106169.833,51,0.330543547,18729,4104,Huerta Tejada
392,384,2,Crops,745749.9454,4108395.788,42,0.314320459,20677,1731,Huerta Tejada
393,385,2,Crops,740726.8113,4110010.916,43,0.413890901,19587,2790,Huerta Tejada
394,386,2,Crops,738040.613,4107433.605,49,0.37533397,18604,3943,Huerta Tejada
395,387,2,Crops,746830.1131,4105639.986,60,0.426840463,15657,6805,Huerta Tejada
396,388,2,Crops,743914.3706,4109006.452,39,0.419213915,15039,7466,Huerta Tejada
206,201,6,Fishponds,744406.2574,4097251.793,51,0.380723375,12119,7901,Veta la Palma
603,595,6,Fishponds,744231.5344,4090249.423,46,0.400295284,12020,6543,Veta la Palma
604,596,6,Fishponds,744349.1955,4094154.334,40,0.225422102,10769,6831,Veta la Palma
605,597,6,Fishponds,743073.118,4092447.943,69,0.352614233,11652,5542,Veta la Palma
606,598,6,Fishponds,750514.8667,4096888.87,42,0.344998877,11652,4867,Veta la Palma
607,599,6,Fishponds,750778.6379,4095588.342,108,0.393720256,10662,1331,Veta la Palma
608,600,6,Fishponds,746607.2025,4095346.72,105,0.301462001,21567,1164,Veta la Palma
610,601,6,Fishponds,742603.3024,4097133.286,41,0.326451764,19808,3400,Veta la Palma
611,602,6,Fishponds,747856.6277,4093435.884,101,0.330543547,18729,4104,Veta la Palma
612,603,6,Fishponds,747426.5045,4091000.465,50,0.314320459,20677,1731,Veta la Palma
613,604,6,Fishponds,745379.7764,4089820.664,58,0.413890901,19587,2790,Veta la Palma
614,605,6,Fishponds,743736.3627,4088837.041,50,0.37533397,18604,3943,Veta la Palma
615,606,6,Fishponds,743599.5668,4091025.246,85,0.426840463,15657,6805,Veta la Palma
616,607,6,Fishponds,746008.0463,4096457.926,102,0.419213915,15039,7466,Veta la Palma
617,608,6,Fishponds,745533.0182,4098074.315,49,0.380723375,12119,7901,Veta la Palma
618,609,6,Fishponds,748057.3488,4096840.349,50,0.400295284,12020,6543,Veta la Palma
619,610,6,Fishponds,744019.3054,4092886.143,102,0.225422102,10769,6831,Veta la Palma
620,611,6,Fishponds,742529.223,4094534.469,77,0.352614233,11652,5542,Veta la Palma
621,612,6,Fishponds,749323.9434,4094089.652,64,0.344998877,11652,4867,Veta la Palma
622,613,6,Fishponds,744938.8572,4095186.935,68,0.393720256,10662,1331,Veta la Palma
623,614,6,Fishponds,745201.5753,4091101.758,40,0.301462001,21567,1164,Veta la Palma
624,615,6,Fishponds,745656.9827,4092629.905,99,0.326451764,19808,3400,Veta la Palma
625,616,6,Fishponds,746333.7375,4090937.376,44,0.330543547,18729,4104,Veta la Palma
626,617,6,Fishponds,742789.0936,4095633.335,52,0.314320459,20677,1731,Veta la Palma
627,618,6,Fishponds,745711.1162,4093851.972,65,0.413890901,19587,2790,Veta la Palma
628,619,6,Fishponds,744530.5424,4096618.746,70,0.37533397,18604,3943,Veta la Palma
629,620,6,Fishponds,746785.0195,4098136.92,95,0.426840463,15657,6805,Veta la Palma
630,621,6,Fishponds,746790.0998,4088381.986,49,0.419213915,15039,7466,Veta la Palma
631,622,6,Fishponds,749663.4449,4095065.7,41,0.380723375,12119,7901,Veta la Palma
632,623,6,Fishponds,747396.024,4089231.922,97,0.400295284,12020,6543,Veta la Palma
633,624,6,Fishponds,747202.3679,4092305.039,108,0.225422102,10769,6831,Veta la Palma
634,625,6,Fishponds,744984.7123,4098982.022,73,0.352614233,11652,5542,Veta la Palma
635,626,6,Fishponds,747058.0694,4096478.513,51,0.344998877,11652,4867,Veta la Palma
636,627,6,Fishponds,741776.6071,4095522.261,78,0.393720256,10662,1331,Veta la Palma
637,628,6,Fishponds,747400.9531,4094467.495,57,0.301462001,21567,1164,Veta la Palma
638,629,6,Fishponds,749076.806,4096238.53,60,0.326451764,19808,3400,Veta la Palma
639,630,6,Fishponds,748793.714,4090194.966,54,0.330543547,18729,4104,Veta la Palma
640,631,6,Fishponds,742869.5249,4090072.32,88,0.314320459,20677,1731,Veta la Palma
641,632,6,Fishponds,750255.4387,4093622.771,55,0.413890901,19587,2790,Veta la Palma
642,633,6,Fishponds,742777.228,4088367.616,44,0.37533397,18604,3943,Veta la Palma
643,634,6,Fishponds,741285.5094,4093936.447,74,0.426840463,15657,6805,Veta la Palma
644,635,6,Fishponds,748450.8676,4091773.434,104,0.419213915,15039,7466,Veta la Palma
645,636,6,Fishponds,745606.3801,4087185.251,104,0.374501156,15497,7743,Veta la Palma
646,637,6,Fishponds,744509.7756,4091969.541,94,0.321961898,18689,3995,Veta la Palma
647,638,6,Fishponds,744519.013,4087402.773,107,0.394688221,15445,7378,Veta la Palma
648,639,6,Fishponds,749167.7188,4092736.229,42,0.355794589,18821,3737,Veta la Palma
649,640,6,Fishponds,747858.7074,4095588.171,82,0.438067638,17123,5338,Veta la Palma
650,641,6,Fishponds,744749.8272,4088706.683,47,0.435261744,16067,6405,Veta la Palma
651,642,6,Fishponds,750644.8959,4094592.067,84,0.415817705,14964,7567,Veta la Palma
652,643,6,Fishponds,743893.1484,4095817.784,49,0.422965741,18616,3766,Veta la Palma
653,644,6,Fishponds,746741.6822,4093628.415,106,0.394849321,19992,2006,Veta la Palma
654,645,6,Fishponds,744471.0929,4097668.353,103,0.470471128,19812,2363,Veta la Palma
655,646,6,Fishponds,743324.0652,4087506.584,94,0.432811339,15989,6380,Veta la Palma
656,647,6,Fishponds,744118.231,4099664.353,52,0.401749459,19605,2384,Veta la Palma
657,648,6,Fishponds,749181.7277,4097635.437,78,0.403388355,14716,8005,Veta la Palma
658,649,6,Fishponds,748503.8821,4094695.204,69,0.374603731,17672,4773,Veta la Palma
659,650,6,Fishponds,749601.64,4091516.484,92,0.385077416,16696,5627,Veta la Palma
660,651,6,Fishponds,742127.9722,4093319.46,67,0.371447746,16341,6207,Veta la Palma
661,652,6,Fishponds,743535.1154,4094794.565,62,0.357816544,16111,6596,Veta la Palma
662,653,6,Fishponds,743297.042,4093721.493,102,0.380723375,12119,7901,Veta la Palma
663,654,6,Fishponds,745882.7847,4088849.263,76,0.400295284,12020,6543,Veta la Palma
664,655,6,Fishponds,747946.5602,4098105.588,42,0.225422102,10769,6831,Veta la Palma
665,656,6,Fishponds,741690.1094,4096529.008,107,0.352614233,11652,5542,Veta la Palma
666,657,6,Fishponds,746445.6142,4089879.307,48,0.344998877,11652,4867,Veta la Palma
61,59,3,Marshlands,727725.9442,4099943.105,118,0.393720256,10662,1331,Marisma
98,95,3,Marshlands,728197.6579,4093437.92,133,0.301462001,21567,1164,Marisma
100,96,3,Marshlands,727867.865,4101806.994,125,0.326451764,19808,3400,Marisma
101,97,3,Marshlands,736954.794,4103373.946,49,0.330543547,18729,4104,Marisma
102,98,3,Marshlands,734676.1277,4085632.748,96,0.314320459,20677,1731,Marisma
103,99,3,Marshlands,733357.5726,4090157.61,73,0.413890901,19587,2790,Marisma
104,100,3,Marshlands,742048.3214,4100213.662,108,0.37533397,18604,3943,Marisma
105,101,3,Marshlands,735658.1406,4112997.041,191,0.426840463,15657,6805,Marisma
106,102,3,Marshlands,733702.4707,4099622.112,164,0.419213915,15039,7466,Marisma
107,103,3,Marshlands,736383.7478,4100442.192,122,0.380723375,12119,7901,Marisma
108,104,3,Marshlands,732684.805,4093241.456,136,0.400295284,12020,6543,Marisma
109,105,3,Marshlands,731167.9889,4099571.679,81,0.225422102,10769,6831,Marisma
110,106,3,Marshlands,736661.7566,4104540.204,54,0.352614233,11652,5542,Marisma
111,107,3,Marshlands,742037.1518,4091183.834,178,0.344998877,11652,4867,Marisma
112,108,3,Marshlands,731418.9074,4093704.148,172,0.393720256,10662,1331,Marisma
113,109,3,Marshlands,732382.8846,4109008.705,161,0.301462001,21567,1164,Marisma
114,110,3,Marshlands,734485.9126,4114611.93,105,0.326451764,19808,3400,Marisma
115,111,3,Marshlands,735961.7623,4096028.223,155,0.330543547,18729,4104,Marisma
116,112,3,Marshlands,733484.9946,4082394.748,131,0.314320459,20677,1731,Marisma
117,113,3,Marshlands,729507.4724,4095585.479,87,0.413890901,19587,2790,Marisma
118,114,3,Marshlands,736705.5586,4112338.337,150,0.37533397,18604,3943,Marisma
119,115,3,Marshlands,740098.6787,4088323.852,159,0.426840463,15657,6805,Marisma
120,116,3,Marshlands,730567.8696,4100725.902,162,0.419213915,15039,7466,Marisma
121,117,3,Marshlands,734183.6033,4112075.035,49,0.380723375,12119,7901,Marisma
122,118,3,Marshlands,733410.1476,4084933.418,163,0.400295284,12020,6543,Marisma
123,119,3,Marshlands,731259.7305,4095668.209,169,0.225422102,10769,6831,Marisma
124,120,3,Marshlands,736721.2976,4091611.746,62,0.352614233,11652,5542,Marisma
125,121,3,Marshlands,741366.0478,4089651.824,93,0.344998877,11652,4867,Marisma
126,122,3,Marshlands,731661.293,4112094.008,79,0.393720256,10662,1331,Marisma
127,123,3,Marshlands,731386.4557,4091165.125,187,0.301462001,21567,1164,Marisma
128,124,3,Marshlands,732697.037,4111465.658,151,0.326451764,19808,3400,Marisma
129,125,3,Marshlands,731238.7923,4108580.547,133,0.330543547,18729,4104,Marisma
130,126,3,Marshlands,738025.9691,4104390.929,55,0.314320459,20677,1731,Marisma
131,127,3,Marshlands,729347.7811,4108910.728,104,0.413890901,19587,2790,Marisma
132,128,3,Marshlands,738882.7759,4088435.692,47,0.37533397,18604,3943,Marisma
133,129,3,Marshlands,736447.9146,4099025.429,105,0.426840463,15657,6805,Marisma
134,130,3,Marshlands,735529.2942,4087571.717,106,0.419213915,15039,7466,Marisma
135,131,3,Marshlands,733268.8741,4095632.383,112,0.380723375,12119,7901,Marisma
136,132,3,Marshlands,730778.7536,4110516.156,176,0.400295284,12020,6543,Marisma
137,133,3,Marshlands,738590.9942,4092411.078,135,0.225422102,10769,6831,Marisma
138,134,3,Marshlands,737572.7998,4096240.309,153,0.352614233,11652,5542,Marisma
139,135,3,Marshlands,728297.7772,4100242.548,133,0.344998877,11652,4867,Marisma
140,136,3,Marshlands,740678.4017,4095810.582,115,0.393720256,10662,1331,Marisma
141,137,3,Marshlands,735592.572,4091867.192,180,0.301462001,21567,1164,Marisma
142,138,3,Marshlands,732132.7235,4105397.164,74,0.326451764,19808,3400,Marisma
143,139,3,Marshlands,734055.8222,4104692.595,53,0.330543547,18729,4104,Marisma
144,140,3,Marshlands,725772.7136,4111449.429,40,0.314320459,20677,1731,Marisma
145,141,3,Marshlands,729900.7519,4103710.792,140,0.413890901,19587,2790,Marisma
146,142,3,Marshlands,739175.1992,4102885.782,118,0.37533397,18604,3943,Marisma
147,143,3,Marshlands,731738.832,4110207.905,54,0.426840463,15657,6805,Marisma
148,144,3,Marshlands,738955.8454,4093586.909,151,0.419213915,15039,7466,Marisma
149,145,3,Marshlands,741288.1986,4101284.024,79,0.380723375,12119,7901,Marisma
150,146,3,Marshlands,732305.8121,4096827.792,63,0.400295284,12020,6543,Marisma
151,147,3,Marshlands,736593.9325,4089084.444,99,0.225422102,10769,6831,Marisma
152,148,3,Marshlands,733451.0606,4100914.871,96,0.352614233,11652,5542,Marisma
153,149,3,Marshlands,736442.8269,4105799.354,106,0.344998877,11652,4867,Marisma
154,150,3,Marshlands,728530.3394,4110625.464,190,0.393720256,10662,1331,Marisma
155,151,3,Marshlands,729108.7285,4101978.762,42,0.301462001,21567,1164,Marisma
156,152,3,Marshlands,740089.426,4100651.006,150,0.326451764,19808,3400,Marisma
157,153,3,Marshlands,728319.5667,4104929.729,132,0.330543547,18729,4104,Marisma
158,154,3,Marshlands,738276.1983,4097423.273,77,0.314320459,20677,1731,Marisma
159,155,3,Marshlands,733502.1217,4113086.268,185,0.413890901,19587,2790,Marisma
160,156,3,Marshlands,739548.1877,4104279.357,143,0.37533397,18604,3943,Marisma
161,157,3,Marshlands,733519.1875,4086950.453,144,0.426840463,15657,6805,Marisma
162,158,3,Marshlands,741452.2681,4092232.169,151,0.419213915,15039,7466,Marisma
163,159,3,Marshlands,732917.8292,4083742.555,191,0.374501156,15497,7743,Marisma
164,160,3,Marshlands,734473.3188,4098058.298,182,0.321961898,18689,3995,Marisma
165,161,3,Marshlands,732489.98,4113376.667,59,0.394688221,15445,7378,Marisma
166,162,3,Marshlands,729802.9589,4092457.612,83,0.355794589,18821,3737,Marisma
167,163,3,Marshlands,734764.1487,4093997.386,86,0.438067638,17123,5338,Marisma
168,164,3,Marshlands,729981.6067,4107368.489,158,0.435261744,16067,6405,Marisma
169,165,3,Marshlands,736479.7985,4087891.644,170,0.415817705,14964,7567,Marisma
170,166,3,Marshlands,734380.6494,4096933.125,40,0.422965741,18616,3766,Marisma
171,167,3,Marshlands,730756.8802,4106415.679,133,0.394849321,19992,2006,Marisma
172,168,3,Marshlands,733653.4871,4092883.463,137,0.470471128,19812,2363,Marisma
173,169,3,Marshlands,734388.024,4101838.924,44,0.432811339,15989,6380,Marisma
174,170,3,Marshlands,731106.3527,4097117.043,41,0.401749459,19605,2384,Marisma
175,171,3,Marshlands,733780.5801,4091734.345,169,0.403388355,14716,8005,Marisma
176,172,3,Marshlands,736660.4909,4094406.607,96,0.374603731,17672,4773,Marisma
177,173,3,Marshlands,739958.719,4096727.767,148,0.385077416,16696,5627,Marisma
178,174,3,Marshlands,741086.2516,4099832.774,58,0.371447746,16341,6207,Marisma
179,175,3,Marshlands,738709.9133,4091251.157,137,0.357816544,16111,6596,Marisma
180,176,3,Marshlands,740401.3628,4102796.938,156,0.380723375,12119,7901,Marisma
181,177,3,Marshlands,732581.8805,4098047.975,137,0.400295284,12020,6543,Marisma
182,178,3,Marshlands,728607.4662,4103476.275,123,0.225422102,10769,6831,Marisma
183,179,3,Marshlands,729356.0366,4111751.971,159,0.352614233,11652,5542,Marisma
184,180,3,Marshlands,734689.7188,4088890.41,156,0.344998877,11652,4867,Marisma
185,181,3,Marshlands,735038.6184,4099104.479,96,0.393720256,10662,1331,Marisma
186,182,3,Marshlands,727474.4292,4107600.112,182,0.301462001,21567,1164,Marisma
187,183,3,Marshlands,729141.3385,4091643.496,175,0.326451764,19808,3400,Marisma
188,184,3,Marshlands,728277.0973,4101391.335,66,0.330543547,18729,4104,Marisma
189,185,3,Marshlands,733032.9744,4107478.788,168,0.314320459,20677,1731,Marisma
190,186,3,Marshlands,740240.388,4105617.66,147,0.413890901,19587,2790,Marisma
191,187,3,Marshlands,735483.4473,4086557.814,40,0.37533397,18604,3943,Marisma
192,188,3,Marshlands,739588.3385,4090761.635,152,0.426840463,15657,6805,Marisma
193,189,3,Marshlands,736586.5826,4090538.705,153,0.419213915,15039,7466,Marisma
194,190,3,Marshlands,735599.931,4097420.334,96,0.380723375,12119,7901,Marisma
195,191,3,Marshlands,741920.749,4103335.94,114,0.400295284,12020,6543,Marisma
196,192,3,Marshlands,734822.9505,4095143.834,189,0.225422102,10769,6831,Marisma
197,193,3,Marshlands,740116.9816,4092278.919,179,0.352614233,11652,5542,Marisma
198,194,3,Marshlands,732103.4586,4095055.332,151,0.344998877,11652,4867,Marisma
199,195,3,Marshlands,728949.9083,4097512.41,61,0.393720256,10662,1331,Marisma
200,196,3,Marshlands,734694.771,4106124.317,175,0.301462001,21567,1164,Marisma
201,197,3,Marshlands,742737.3125,4097122.905,68,0.326451764,19808,3400,Marisma
202,198,3,Marshlands,736611.9694,4102127.67,120,0.330543547,18729,4104,Marisma
203,199,3,Marshlands,737146.3991,4098283.312,99,0.314320459,20677,1731,Marisma
204,200,3,Marshlands,743539.0996,4099482.536,76,0.413890901,19587,2790,Marisma
205,201,3,Marshlands,744406.2574,4097251.793,139,0.37533397,18604,3943,Marisma
207,202,3,Marshlands,741761.8549,4097883.768,180,0.426840463,15657,6805,Marisma
208,203,3,Marshlands,740835.9335,4094045.068,69,0.419213915,15039,7466,Marisma
209,204,3,Marshlands,737606.1911,4089286.155,72,0.380723375,12119,7901,Marisma
210,205,3,Marshlands,731903.7853,4092566.651,103,0.400295284,12020,6543,Marisma
211,206,3,Marshlands,734821.3609,4090028.969,154,0.225422102,10769,6831,Marisma
212,207,3,Marshlands,738844.658,4099338.507,85,0.352614233,11652,5542,Marisma
213,208,3,Marshlands,730609.2116,4102723.566,185,0.344998877,11652,4867,Marisma
214,209,3,Marshlands,734177.7545,4083259.687,40,0.393720256,10662,1331,Marisma
215,210,3,Marshlands,733307.2698,4088151.824,123,0.301462001,21567,1164,Marisma
216,211,3,Marshlands,730406.4335,4104677.3,166,0.326451764,19808,3400,Marisma
217,212,3,Marshlands,729912.8276,4096724.833,42,0.330543547,18729,4104,Marisma
218,213,3,Marshlands,733481.625,4108515.29,86,0.314320459,20677,1731,Marisma
219,214,3,Marshlands,741657.9963,4105076.874,173,0.413890901,19587,2790,Marisma
220,215,3,Marshlands,740822.1731,4098833.791,185,0.37533397,18604,3943,Marisma
221,216,3,Marshlands,739195.4784,4089785.917,61,0.426840463,15657,6805,Marisma
222,217,3,Marshlands,728092.5731,4109683.356,48,0.419213915,15039,7466,Marisma
223,218,3,Marshlands,733250.5647,4102373.093,148,0.380723375,12119,7901,Marisma
224,219,3,Marshlands,727880.8437,4099253.94,138,0.400295284,12020,6543,Marisma
225,220,3,Marshlands,732140.8606,4089151.302,65,0.225422102,10769,6831,Marisma
226,221,3,Marshlands,732481.9579,4090811.856,56,0.352614233,11652,5542,Marisma
227,222,3,Marshlands,737469.8783,4093781.302,127,0.344998877,11652,4867,Marisma
228,223,3,Marshlands,729355.3541,4100970.781,184,0.393720256,10662,1331,Marisma
229,224,3,Marshlands,741762.1741,4106120.87,95,0.301462001,21567,1164,Marisma
230,225,3,Marshlands,729475.8856,4094272.869,97,0.326451764,19808,3400,Marisma
231,226,3,Marshlands,734195.0643,4110859.224,88,0.330543547,18729,4104,Marisma
232,227,3,Marshlands,727476.7813,4110927.539,77,0.314320459,20677,1731,Marisma
233,228,3,Marshlands,732370.3716,4101617.123,78,0.413890901,19587,2790,Marisma
234,229,3,Marshlands,738433.3421,4095411.708,179,0.37533397,18604,3943,Marisma
235,230,3,Marshlands,731646.4593,4098644.925,99,0.426840463,15657,6805,Marisma
236,231,3,Marshlands,740767.0364,4097560.801,176,0.419213915,15039,7466,Marisma
237,232,3,Marshlands,738265.358,4105863.277,178,0.380723375,12119,7901,Marisma
238,233,3,Marshlands,732297.8,4100609.971,115,0.400295284,12020,6543,Marisma
239,234,3,Marshlands,738015.2025,4100640.698,139,0.225422102,10769,6831,Marisma
240,235,3,Marshlands,742623.49,4101859.171,185,0.352614233,11652,5542,Marisma
241,236,3,Marshlands,732893.6989,4110448.665,56,0.344998877,11652,4867,Marisma
242,237,3,Marshlands,728577.2753,4096201.035,116,0.393720256,10662,1331,Marisma
243,238,3,Marshlands,740680.4441,4090526.412,168,0.301462001,21567,1164,Marisma
244,239,3,Marshlands,724186.4418,4112816.013,56,0.326451764,19808,3400,Marisma
245,240,3,Marshlands,731125.3516,4103895.458,188,0.330543547,18729,4104,Marisma
246,241,3,Marshlands,735488.1551,4102953.082,59,0.314320459,20677,1731,Marisma
247,242,3,Marshlands,735972.3168,4093644.25,84,0.413890901,19587,2790,Marisma
248,243,3,Marshlands,730616.9671,4111730.372,159,0.37533397,18604,3943,Marisma
249,244,3,Marshlands,733513.8961,4106358.31,57,0.426840463,15657,6805,Marisma
250,245,3,Marshlands,730583.4496,4098578.546,164,0.419213915,15039,7466,Marisma
251,246,3,Marshlands,742907.9993,4103581.276,156,0.374501156,15497,7743,Marisma
252,247,3,Marshlands,730810.9205,4094661.731,41,0.321961898,18689,3995,Marisma
253,248,3,Marshlands,732686.7943,4114539.741,83,0.394688221,15445,7378,Marisma
254,249,3,Marshlands,735851.5227,4101322.11,159,0.355794589,18821,3737,Marisma
255,250,3,Marshlands,733321.5875,4097234.417,88,0.438067638,17123,5338,Marisma
256,251,3,Marshlands,727881.7141,4106329.834,43,0.435261744,16067,6405,Marisma
257,252,3,Marshlands,736833.484,4110910.236,43,0.415817705,14964,7567,Marisma
258,253,3,Marshlands,742463.4439,4099009.736,189,0.422965741,18616,3766,Marisma
259,254,3,Marshlands,735546.5589,4114811.449,89,0.394849321,19992,2006,Marisma
260,255,3,Marshlands,731051.5943,4107531.188,160,0.470471128,19812,2363,Marisma
261,256,3,Marshlands,732573.0804,4085847.673,124,0.432811339,15989,6380,Marisma
262,257,3,Marshlands,743512.0013,4104617.664,132,0.401749459,19605,2384,Marisma
263,258,3,Marshlands,740683.9692,4104641.827,110,0.403388355,14716,8005,Marisma
264,259,3,Marshlands,743108.1869,4105591.303,53,0.374603731,17672,4773,Marisma
265,260,3,Marshlands,735008.3247,4104192.511,122,0.385077416,16696,5627,Marisma
266,261,3,Marshlands,730080.8847,4091241.859,113,0.371447746,16341,6207,Marisma
267,262,3,Marshlands,730905.7596,4090035.246,44,0.357816544,16111,6596,Marisma
268,263,3,Marshlands,733445.3202,4103645.637,56,0.380723375,12119,7901,Marisma
269,264,3,Marshlands,741337.2492,4088537.826,65,0.400295284,12020,6543,Marisma
270,265,3,Marshlands,729448.3732,4110115.167,134,0.225422102,10769,6831,Marisma
271,266,3,Marshlands,729177.8341,4099415.724,176,0.352614233,11652,5542,Marisma
272,267,3,Marshlands,738908.8818,4101393.269,162,0.344998877,11652,4867,Marisma
273,268,3,Marshlands,734958.11,4092790.41,133,0.393720256,10662,1331,Marisma
274,269,3,Marshlands,739502.6368,4094824.631,169,0.301462001,21567,1164,Marisma
276,270,3,Marshlands,728010.182,4093587.521,108,0.326451764,19808,3400,Marisma
277,271,3,Marshlands,735527.8997,4110805.337,82,0.330543547,18729,4104,Marisma
278,272,3,Marshlands,729220.2571,4106433.877,191,0.314320459,20677,1731,Marisma
279,273,3,Marshlands,732372.53,4104170.251,69,0.413890901,19587,2790,Marisma
280,274,3,Marshlands,739549.1587,4098418.419,187,0.37533397,18604,3943,Marisma
281,275,3,Marshlands,734801.4648,4100544.218,54,0.426840463,15657,6805,Marisma
282,276,3,Marshlands,740286.4277,4089317.13,69,0.419213915,15039,7466,Marisma
283,277,3,Marshlands,727705.1675,4098117.753,117,0.380723375,12119,7901,Marisma
284,278,3,Marshlands,728958.4612,4093074.281,176,0.400295284,12020,6543,Marisma
285,279,3,Marshlands,737908.4108,4111557.433,133,0.225422102,10769,6831,Marisma
286,280,3,Marshlands,728467.225,4108052.446,184,0.352614233,11652,5542,Marisma
287,281,3,Marshlands,734046.111,4109534.049,61,0.344998877,11652,4867,Marisma
288,282,3,Marshlands,731825.6569,4102780.024,134,0.393720256,10662,1331,Marisma
289,283,3,Marshlands,743928.463,4098245.705,178,0.301462001,21567,1164,Marisma
290,284,3,Marshlands,728000.8956,4094634.51,117,0.326451764,19808,3400,Marisma
291,285,3,Marshlands,735257.8667,4111955.37,160,0.330543547,18729,4104,Marisma
292,286,3,Marshlands,732073.4779,4106842.111,64,0.314320459,20677,1731,Marisma
293,287,3,Marshlands,738362.4714,4102264.539,71,0.413890901,19587,2790,Marisma
294,288,3,Marshlands,729347.8694,4105001.438,64,0.37533397,18604,3943,Marisma
296,289,3,Marshlands,727979.5886,4102422.713,129,0.426840463,15657,6805,Marisma
297,290,3,Marshlands,727013.3228,4109917.909,50,0.419213915,15039,7466,Marisma
298,291,3,Marshlands,736622.4293,4097117.891,178,0.380723375,12119,7901,Marisma
299,292,3,Marshlands,739170.4967,4105306.838,189,0.400295284,12020,6543,Marisma
300,293,3,Marshlands,737857.633,4088096.43,188,0.225422102,10769,6831,Marisma
301,294,3,Marshlands,742520.6913,4092738.88,152,0.352614233,11652,5542,Marisma
302,295,3,Marshlands,732504.7755,4099470.171,191,0.344998877,11652,4867,Marisma
303,296,3,Marshlands,735491.9896,4105110.951,45,0.393720256,10662,1331,Marisma
304,297,3,Marshlands,734718.4637,4084426.763,70,0.301462001,21567,1164,Marisma
305,298,3,Marshlands,734651.5633,4091109.009,161,0.326451764,19808,3400,Marisma
306,299,3,Marshlands,737263.9418,4092730.878,179,0.330543547,18729,4104,Marisma
307,300,3,Marshlands,733803.0716,4094572.626,157,0.314320459,20677,1731,Marisma
308,301,3,Marshlands,734539.3991,4113015.1,173,0.413890901,19587,2790,Marisma
309,302,3,Marshlands,728104.8177,4111741.69,45,0.37533397,18604,3943,Marisma
310,303,3,Marshlands,737713.1824,4090637.897,170,0.426840463,15657,6805,Marisma
311,304,3,Marshlands,730876.5079,4092342.368,188,0.419213915,15039,7466,Marisma
312,305,3,Marshlands,737315.9029,4099622.583,191,0.380723375,12119,7901,Marisma
313,306,3,Marshlands,741670.3197,4102326.637,120,0.400295284,12020,6543,Marisma
314,307,3,Marshlands,739999.1933,4093493.358,84,0.225422102,10769,6831,Marisma
315,308,3,Marshlands,730322.472,4093655.791,185,0.352614233,11652,5542,Marisma
316,309,3,Marshlands,725379.7377,4112497.881,175,0.344998877,11652,4867,Marisma
317,310,3,Marshlands,734461.5821,4102858.82,49,0.393720256,10662,1331,Marisma
318,311,3,Marshlands,738024.2036,4103276.677,173,0.301462001,21567,1164,Marisma
319,312,3,Marshlands,730157.6149,4101658.65,181,0.326451764,19808,3400,Marisma
320,313,3,Marshlands,730388.6572,4109357.042,179,0.330543547,18729,4104,Marisma
321,314,3,Marshlands,732175.3633,4084807.872,155,0.314320459,20677,1731,Marisma
322,315,3,Marshlands,738847.9065,4096529.665,107,0.413890901,19587,2790,Marisma
323,316,3,Marshlands,734229.9637,4087719.475,98,0.37533397,18604,3943,Marisma
324,317,3,Marshlands,727225.3354,4108628.961,176,0.426840463,15657,6805,Marisma
325,318,3,Marshlands,737812.8146,4091724.9,69,0.419213915,15039,7466,Marisma
326,319,3,Marshlands,736955.9082,4095426.288,92,0.380723375,12119,7901,Marisma
327,320,3,Marshlands,727995.3726,4097128.705,97,0.400295284,12020,6543,Marisma
328,321,3,Marshlands,738944.0292,4111353.71,98,0.225422102,10769,6831,Marisma
329,322,3,Marshlands,742319.535,4089996.934,108,0.352614233,11652,5542,Marisma
330,323,3,Marshlands,741337.1945,4096629.438,145,0.344998877,11652,4867,Marisma
331,324,3,Marshlands,731495.7354,4113130.807,124,0.393720256,10662,1331,Marisma
332,325,3,Marshlands,733505.343,4098613.75,128,0.301462001,21567,1164,Marisma
333,326,3,Marshlands,740003.3748,4101782.598,71,0.326451764,19808,3400,Marisma
334,327,3,Marshlands,731357.3854,4101404.741,107,0.330543547,18729,4104,Marisma
335,328,3,Marshlands,737258.8653,4101346.452,50,0.314320459,20677,1731,Marisma
336,329,3,Marshlands,733215.2408,4105340.813,142,0.413890901,19587,2790,Marisma
337,330,3,Marshlands,740107.3076,4099577.388,181,0.37533397,18604,3943,Marisma
338,331,3,Marshlands,735877.3142,4089827.572,144,0.426840463,15657,6805,Marisma
339,332,3,Marshlands,733678.4707,4089180.411,117,0.419213915,15039,7466,Marisma
340,333,3,Marshlands,728699.1871,4098508.289,50,0.393720256,10662,1331,Marisma
341,334,3,Marshlands,732754.6692,4094270.288,44,0.301462001,21567,1164,Marisma
342,335,3,Marshlands,737390.7533,4105314.511,160,0.326451764,19808,3400,Marisma
343,336,3,Marshlands,738281.4222,4094368.953,174,0.330543547,18729,4104,Marisma
344,337,3,Marshlands,733619.2339,4114083.275,135,0.314320459,20677,1731,Marisma
345,338,3,Marshlands,730160.4134,4099801.036,191,0.413890901,19587,2790,Marisma
346,339,3,Marshlands,735830.8961,4094974.895,89,0.37533397,18604,3943,Marisma
347,340,3,Marshlands,731117.2914,4105413.048,151,0.426840463,15657,6805,Marisma
348,341,3,Marshlands,735704.4981,4088584.746,161,0.419213915,15039,7466,Marisma
349,342,3,Marshlands,738099.9301,4098638.892,174,0.37533397,18604,3943,Marisma
350,343,3,Marshlands,732619.6863,4091839.257,91,0.426840463,15657,6805,Marisma
385,378,3,Marshlands,735173.2063,4110110.207,71,0.419213915,15039,7466,Marisma
609,601,3,Marshlands,742603.3024,4097133.286,153,0.37533397,18604,3943,Marisma
465,457,1,Ricefields,753656.6797,4112885.974,102,0.305238758,15497,7743,Arrozal
466,458,1,Ricefields,752441.3836,4105649.849,114,0.16325342,18689,3995,Arrozal
467,459,1,Ricefields,752989.9744,4103993.576,118,0.316263641,15445,7378,Arrozal
468,460,1,Ricefields,749859.2008,4106460.321,122,0.305238758,18821,3737,Arrozal
469,461,1,Ricefields,747541.646,4104956.455,142,0.16325342,17123,5338,Arrozal
470,462,1,Ricefields,753942.1993,4109032.14,62,0.316263641,16067,6405,Arrozal
471,463,1,Ricefields,750660.2778,4103744.167,66,0.305238758,14964,7567,Arrozal
472,464,1,Ricefields,743887.8139,4101188.007,84,0.16325342,18616,3766,Arrozal
473,465,1,Ricefields,752510.9126,4109562.612,76,0.316263641,19992,2006,Arrozal
474,466,1,Ricefields,747815.3349,4099183.974,104,0.305238758,19812,2363,Arrozal
475,467,1,Ricefields,746407.1042,4101244.376,119,0.16325342,15989,6380,Arrozal
476,468,1,Ricefields,753806.4175,4106692.786,123,0.316263641,19605,2384,Arrozal
477,469,1,Ricefields,751309.4562,4112494.684,127,0.305238758,14716,8005,Arrozal
478,470,1,Ricefields,755825.9714,4103147.82,91,0.16325342,17672,4773,Arrozal
479,471,1,Ricefields,756873.5929,4104909.633,77,0.316263641,16696,5627,Arrozal
480,472,1,Ricefields,755630.9746,4111287.836,138,0.305238758,16341,6207,Arrozal
481,473,1,Ricefields,748069.0007,4106010.737,160,0.16325342,16111,6596,Arrozal
482,474,1,Ricefields,757285.8497,4110734.934,94,0.316263641,12119,7901,Arrozal
483,475,1,Ricefields,749996.815,4113952.505,95,0.305238758,12020,6543,Arrozal
484,476,1,Ricefields,743571.4751,4102140.153,139,0.16325342,10769,6831,Arrozal
485,477,1,Ricefields,756923.7081,4109671.853,59,0.316263641,11652,5542,Arrozal
486,478,1,Ricefields,753975.6457,4103402.859,108,0.305238758,11652,4867,Arrozal
487,479,1,Ricefields,754254.259,4108054.952,173,0.16325342,10662,1331,Arrozal
488,480,1,Ricefields,750618.8602,4108505.096,103,0.316263641,21567,1164,Arrozal
489,481,1,Ricefields,745125.5154,4100253.518,158,0.305238758,19808,3400,Arrozal
490,482,1,Ricefields,749766.7655,4102078.794,66,0.16325342,18729,4104,Arrozal
491,483,1,Ricefields,756422.6048,4108294.524,152,0.316263641,20677,1731,Arrozal
492,484,1,Ricefields,745617.3444,4103222.048,148,0.305238758,19587,2790,Arrozal
493,485,1,Ricefields,755185.8753,4102136.205,169,0.16325342,18604,3943,Arrozal
494,486,1,Ricefields,746908.5133,4108329.571,64,0.316263641,15657,6805,Arrozal
495,487,1,Ricefields,752102.4552,4111643.074,92,0.305238758,15039,7466,Arrozal
496,488,1,Ricefields,759056.5751,4107632.494,93,0.16325342,12119,7901,Arrozal
497,489,1,Ricefields,745645.8888,4109323.491,148,0.316263641,12020,6543,Arrozal
498,490,1,Ricefields,749684.0481,4100768.239,153,0.305238758,10769,6831,Arrozal
499,491,1,Ricefields,750590.8168,4098268.357,63,0.16325342,11652,5542,Arrozal
500,492,1,Ricefields,746283.3133,4104907.147,83,0.316263641,11652,4867,Arrozal
501,493,1,Ricefields,749127.3343,4103054.03,164,0.305238758,10662,1331,Arrozal
502,494,1,Ricefields,758748.0097,4109242.994,137,0.16325342,21567,1164,Arrozal
503,495,1,Ricefields,746675.9105,4102910.736,163,0.316263641,19808,3400,Arrozal
504,496,1,Ricefields,748705.1647,4104436.907,172,0.305238758,18729,4104,Arrozal
505,497,1,Ricefields,750937.6939,4114325.847,64,0.16325342,20677,1731,Arrozal
506,498,1,Ricefields,748719.9087,4108475.217,59,0.316263641,19587,2790,Arrozal
507,499,1,Ricefields,743431.1351,4103578.118,143,0.305238758,18604,3943,Arrozal
508,500,1,Ricefields,755360.2135,4104409.585,170,0.16325342,15657,6805,Arrozal
509,501,1,Ricefields,752538.0906,4102010.975,103,0.316263641,15039,7466,Arrozal
510,502,1,Ricefields,750088.8158,4104918.53,103,0.305238758,12119,7901,Arrozal
511,503,1,Ricefields,757618.8308,4108234.535,83,0.16325342,12020,6543,Arrozal
512,504,1,Ricefields,749393.9666,4099167.202,127,0.316263641,10769,6831,Arrozal
513,505,1,Ricefields,752291.0822,4107336.629,100,0.305238758,11652,5542,Arrozal
514,506,1,Ricefields,747966.1577,4103484.337,93,0.16325342,11652,4867,Arrozal
515,507,1,Ricefields,748794.0994,4111588.204,90,0.316263641,10662,1331,Arrozal
516,508,1,Ricefields,751827.8431,4097729.639,80,0.305238758,21567,1164,Arrozal
517,509,1,Ricefields,757385.9842,4106183.38,75,0.16325342,19808,3400,Arrozal
518,510,1,Ricefields,755439.0038,4109133.425,176,0.316263641,18729,4104,Arrozal
519,511,1,Ricefields,748004.6257,4102229.133,72,0.305238758,20677,1731,Arrozal
520,512,1,Ricefields,756295.8493,4106048.119,112,0.16325342,19587,2790,Arrozal
521,513,1,Ricefields,749023.5187,4110107.977,168,0.316263641,18604,3943,Arrozal
522,514,1,Ricefields,754304.5393,4105027.93,101,0.305238758,15657,6805,Arrozal
523,515,1,Ricefields,751130.0537,4104973.167,106,0.16325342,15039,7466,Arrozal
524,516,1,Ricefields,758065.1096,4107148.812,63,0.316263641,12119,7901,Arrozal
525,517,1,Ricefields,756261.4883,4107171.1,161,0.305238758,12020,6543,Arrozal
526,518,1,Ricefields,750913.6896,4111242.398,149,0.16325342,10769,6831,Arrozal
527,519,1,Ricefields,753523.9177,4101464.719,172,0.316263641,11652,5542,Arrozal
528,520,1,Ricefields,751314.5945,4101943.117,92,0.305238758,11652,4867,Arrozal
529,521,1,Ricefields,747193.4656,4100359.329,85,0.16325342,10662,1331,Arrozal
530,522,1,Ricefields,751786.9765,4103368.733,99,0.316263641,21567,1164,Arrozal
531,523,1,Ricefields,750486.3782,4110111.838,86,0.305238758,19808,3400,Arrozal
532,524,1,Ricefields,752280.4502,4100417.184,105,0.16325342,18729,4104,Arrozal
533,525,1,Ricefields,745039.0853,4101882.071,83,0.316263641,20677,1731,Arrozal
534,526,1,Ricefields,750847.1814,4106201.962,163,0.305238758,19587,2790,Arrozal
535,527,1,Ricefields,752896.9053,4108521.672,78,0.16325342,18604,3943,Arrozal
536,528,1,Ricefields,744031.0359,4100111.655,164,0.316263641,15657,6805,Arrozal
537,529,1,Ricefields,744790.4303,4105242.007,86,0.305238758,15039,7466,Arrozal
538,530,1,Ricefields,754092.6796,4111781.603,73,0.16325342,12119,7901,Arrozal
539,531,1,Ricefields,757499.0134,4103420.306,179,0.316263641,12020,6543,Arrozal
540,532,1,Ricefields,744544.4668,4103991.376,149,0.305238758,10769,6831,Arrozal
541,533,1,Ricefields,750821.9998,4099975.529,97,0.16325342,11652,5542,Arrozal
542,534,1,Ricefields,746422.9855,4099529.046,64,0.316263641,11652,4867,Arrozal
543,535,1,Ricefields,749146.9799,4113208.281,66,0.305238758,10662,1331,Arrozal
544,536,1,Ricefields,751845.5511,4113448.677,161,0.16325342,21567,1164,Arrozal
545,537,1,Ricefields,758332.4127,4110379.366,104,0.316263641,19808,3400,Arrozal
546,538,1,Ricefields,755186.9184,4106180.721,107,0.305238758,18729,4104,Arrozal
547,539,1,Ricefields,756264.7161,4102049.742,176,0.16325342,20677,1731,Arrozal
548,540,1,Ricefields,758978.4048,4105914.784,113,0.316263641,19587,2790,Arrozal
549,541,1,Ricefields,750556.3853,4101290.246,73,0.305238758,18604,3943,Arrozal
550,542,1,Ricefields,747937.8117,4112361.027,165,0.16325342,15657,6805,Arrozal
551,543,1,Ricefields,742831.3108,4100234.514,68,0.316263641,15039,7466,Arrozal
552,544,1,Ricefields,747148.6531,4106825.167,127,0.305238758,15497,7743,Arrozal
553,545,1,Ricefields,747638.3556,4109182.938,142,0.16325342,18689,3995,Arrozal
554,546,1,Ricefields,758134.8542,4104926.206,109,0.316263641,15445,7378,Arrozal
555,547,1,Ricefields,748874.5224,4107013.182,71,0.305238758,18821,3737,Arrozal
556,548,1,Ricefields,747953.9625,4110640.932,151,0.16325342,17123,5338,Arrozal
557,549,1,Ricefields,752987.8098,4110637.361,67,0.316263641,16067,6405,Arrozal
558,550,1,Ricefields,751381.8045,4109648.495,167,0.305238758,14964,7567,Arrozal
559,551,1,Ricefields,754419.5442,4110747.227,173,0.16325342,18616,3766,Arrozal
560,552,1,Ricefields,754711.9109,4112599.781,148,0.316263641,19992,2006,Arrozal
561,553,1,Ricefields,751845.948,4099399.386,145,0.305238758,19812,2363,Arrozal
562,554,1,Ricefields,755284.3438,4108115.575,120,0.16325342,15989,6380,Arrozal
563,555,1,Ricefields,750136.612,4115282.469,103,0.316263641,19605,2384,Arrozal
564,556,1,Ricefields,749159.0718,4097738.875,134,0.305238758,14716,8005,Arrozal
565,557,1,Ricefields,751486.5732,4096604.876,159,0.16325342,17672,4773,Arrozal
566,558,1,Ricefields,750542.8695,4097189.026,111,0.316263641,16696,5627,Arrozal
567,559,1,Ricefields,749876.9505,4107656.296,93,0.305238758,16341,6207,Arrozal
568,560,1,Ricefields,752990.9641,4113647.798,88,0.16325342,16111,6596,Arrozal
569,561,1,Ricefields,747014.3624,4103862.719,64,0.316263641,12119,7901,Arrozal
570,562,1,Ricefields,751766.229,4108593.332,91,0.305238758,12020,6543,Arrozal
571,563,1,Ricefields,744381.924,4102751.393,69,0.16325342,10769,6831,Arrozal
572,564,1,Ricefields,748493.8434,4100095.553,144,0.316263641,11652,5542,Arrozal
573,565,1,Ricefields,755887.3987,4110150.999,108,0.305238758,11652,4867,Arrozal
574,566,1,Ricefields,748183.5431,4101051.627,62,0.16325342,10662,1331,Arrozal
575,567,1,Ricefields,747966.6038,4107633.607,122,0.316263641,21567,1164,Arrozal
576,568,1,Ricefields,746305.5959,4110320.571,131,0.305238758,19808,3400,Arrozal
577,569,1,Ricefields,750043.5426,4112131.955,142,0.16325342,18729,4104,Arrozal
578,570,1,Ricefields,749862.9443,4109222.422,118,0.316263641,20677,1731,Arrozal
579,571,1,Ricefields,750966.6165,4107199.113,160,0.305238758,19587,2790,Arrozal
580,572,1,Ricefields,746934.2116,4111452.409,127,0.16325342,18604,3943,Arrozal
581,573,1,Ricefields,752656.3771,4112495.269,73,0.316263641,15657,6805,Arrozal
582,574,1,Ricefields,749668.9733,4110976.524,137,0.305238758,15039,7466,Arrozal
583,575,1,Ricefields,749098.1862,4105364.547,101,0.16325342,12119,7901,Arrozal
584,576,1,Ricefields,746888.2402,4098598.864,100,0.316263641,12020,6543,Arrozal
585,577,1,Ricefields,753056.3947,4102882.233,105,0.305238758,10769,6831,Arrozal
586,578,1,Ricefields,743646.7172,4104561.915,162,0.16325342,11652,5542,Arrozal
587,579,1,Ricefields,756483.9134,4103956.844,94,0.316263641,11652,4867,Arrozal
588,580,1,Ricefields,752099.0391,4104465.467,107,0.305238758,10662,1331,Arrozal
589,581,1,Ricefields,748112.2973,4098177.678,123,0.16325342,21567,1164,Arrozal
590,582,1,Ricefields,750601.636,4102719.016,66,0.316263641,19808,3400,Arrozal
591,583,1,Ricefields,754156.4734,4102320.752,178,0.305238758,18729,4104,Arrozal
592,584,1,Ricefields,753304.8327,4104959.065,121,0.16325342,20677,1731,Arrozal
593,585,1,Ricefields,750483.234,4113059.121,130,0.316263641,19587,2790,Arrozal
594,586,1,Ricefields,749617.5763,4103995.147,115,0.305238758,18604,3943,Arrozal
595,587,1,Ricefields,754842.7249,4107135.477,180,0.16325342,15657,6805,Arrozal
596,588,1,Ricefields,742894.6146,4101372.016,71,0.316263641,15039,7466,Arrozal
597,589,1,Ricefields,753292.5103,4107567.602,166,0.305238758,12119,7901,Arrozal
598,590,1,Ricefields,746652.2476,4109358.988,101,0.16325342,12020,6543,Arrozal
599,591,1,Ricefields,754532.1223,4101372.64,95,0.316263641,10769,6831,Arrozal
600,592,1,Ricefields,751914.0287,4110639.494,138,0.305238758,11652,5542,Arrozal
601,593,1,Ricefields,751821.6422,4106442.344,174,0.16325342,11652,4867,Arrozal
602,594,1,Ricefields,754645.0135,4109771.063,145,0.316263641,10662,1331,Arrozal
397,389,5,Sand_dunes,722282.373,4096161.371,22,-0.147004609,24264,1317,Playa
398,390,5,Sand_dunes,733163.8349,4076428.63,37,0.473529127,23454,2914,Playa
399,391,5,Sand_dunes,731118.089,4079816.086,112,0.471440713,21706,5249,Playa
400,392,5,Sand_dunes,729578.8504,4085370.292,83,0.431809381,19941,6668,Playa
401,393,5,Sand_dunes,730967.0909,4077802.896,35,-0.075904001,19395,7698,Playa
402,394,5,Sand_dunes,726960.3027,4092540.229,105,-0.073502568,18157,10021,Playa
403,395,5,Sand_dunes,732096.8171,4079007.297,90,-0.125234375,17254,10950,Playa
404,396,5,Sand_dunes,729360.807,4090708.154,88,0.148879143,17002,12535,Playa
405,397,5,Sand_dunes,732319.9576,4086157.907,80,-0.099588728,16870,11759,Playa
406,398,5,Sand_dunes,730827.3464,4082397.092,6,-0.130173573,15255,13019,Playa
407,399,5,Sand_dunes,729311.7424,4083269.712,17,0.063484988,16367,12549,Playa
408,400,5,Sand_dunes,731150.3616,4089691.665,44,0.026725619,17937,9974,Playa
409,401,5,Sand_dunes,729103.987,4086473.692,49,0.119363389,16071,11618,Playa
410,402,5,Sand_dunes,726228.1457,4090513.067,53,0.117029986,15870,11962,Playa
411,403,5,Sand_dunes,729997.0742,4084186.312,96,-0.226761613,21581,1440,Playa
412,404,5,Sand_dunes,721249.3926,4095903.555,42,-0.219974492,22215,283,Playa
413,405,5,Sand_dunes,725662.9818,4091510.808,29,0.50193317,24264,1317,Playa
414,406,5,Sand_dunes,730249.1541,4081044.623,41,0.479610296,23454,2914,Playa
415,407,5,Sand_dunes,730406.1683,4087005.554,85,0.486573327,21706,5249,Playa
416,408,5,Sand_dunes,723875.7174,4093269.397,28,0.425818016,19941,6668,Playa
417,409,5,Sand_dunes,732671.1794,4077903.611,86,-0.129431872,19395,7698,Playa
418,410,5,Sand_dunes,729192.8314,4088727.635,21,-0.05851678,18157,10021,Playa
419,411,5,Sand_dunes,733899.0961,4078018.842,43,0.401323956,17254,10950,Playa
420,412,5,Sand_dunes,733940.6514,4080966.362,60,0.333375287,17002,12535,Playa
421,413,5,Sand_dunes,722401.3657,4094876.622,79,0.377060158,16870,11759,Playa
422,414,5,Sand_dunes,721636.739,4097055.535,60,-0.151421435,15255,13019,Playa
423,415,5,Sand_dunes,730551.8954,4088585.312,107,0.013630293,16367,12549,Playa
424,416,5,Sand_dunes,727800.3649,4091667.669,7,0.022888784,17937,9974,Playa
425,417,5,Sand_dunes,723449.0675,4095482.105,107,0.089762436,16071,11618,Playa
426,418,5,Sand_dunes,724826.7289,4093658.642,107,0.098886165,15870,11962,Playa
427,419,5,Sand_dunes,720571.9512,4097436.827,31,-0.103100884,21581,1440,Playa
428,420,5,Sand_dunes,729769.6572,4087910.761,95,-0.091049111,22215,283,Playa
429,421,5,Sand_dunes,725689.0514,4092977.46,76,0.466829545,24264,1317,Playa
430,422,5,Sand_dunes,731966.8186,4087958.72,29,0.506532084,23454,2914,Playa
431,423,5,Sand_dunes,733276.1856,4079069.52,27,0.475123871,21706,5249,Playa
432,424,5,Sand_dunes,731814.2108,4080555.605,1,0.422190357,19941,6668,Playa
433,425,5,Sand_dunes,730214.3268,4090131.831,97,-0.066553004,19395,7698,Playa
434,426,5,Sand_dunes,728938.7634,4092021.857,45,-0.019609974,18157,10021,Playa
435,427,5,Sand_dunes,727946.0532,4086605.259,22,0.421044973,17254,10950,Playa
436,428,5,Sand_dunes,735013.0654,4077308.696,69,0.240653041,17002,12535,Playa
437,429,5,Sand_dunes,732680.385,4081857.447,57,0.409486822,16870,11759,Playa
438,430,5,Sand_dunes,734318.2095,4079694.444,55,-0.066418215,15255,13019,Playa
439,431,5,Sand_dunes,731588.4721,4084665.427,106,-0.037249401,16367,12549,Playa
440,432,5,Sand_dunes,731871.8404,4076728.346,33,0.026037256,17937,9974,Playa
441,433,5,Sand_dunes,731649.068,4083485.419,40,-0.024227,16071,11618,Playa
442,434,5,Sand_dunes,730706.0964,4085935.195,2,0.010881604,15870,11962,Playa
443,435,5,Sand_dunes,727341.5828,4090616.616,106,-0.040500268,21581,1440,Playa
444,436,5,Sand_dunes,727980.1809,4087616.405,51,0.04911684,22215,283,Playa
445,437,5,Sand_dunes,728159.3347,4093321.228,6,0.466438817,24264,1317,Playa
446,438,5,Sand_dunes,729436.5315,4082165.073,96,0.538740097,23454,2914,Playa
447,439,5,Sand_dunes,724741.1922,4092474.822,14,0.471147932,21706,5249,Playa
448,440,5,Sand_dunes,731590.0701,4086943.198,91,0.394727274,19941,6668,Playa
449,441,5,Sand_dunes,727377.3721,4088829.34,10,0.122804849,19395,7698,Playa
450,442,5,Sand_dunes,735059.4484,4076107.779,32,0.010995868,18157,10021,Playa
451,443,5,Sand_dunes,728064.5765,4085375.148,106,0.453246149,17254,10950,Playa
452,444,5,Sand_dunes,728403.2524,4090222.05,13,0.250827919,17002,12535,Playa
453,445,5,Sand_dunes,728883.4551,4084293.429,50,0.386014046,16870,11759,Playa
454,446,5,Sand_dunes,723571.1495,4094248.415,40,-0.004544319,15255,13019,Playa
455,447,5,Sand_dunes,726356.7452,4089375.129,41,0.080433072,16367,12549,Playa
456,448,5,Sand_dunes,732786.7752,4080102.267,90,-0.00172913,17937,9974,Playa
457,449,5,Sand_dunes,734069.3867,4076871.39,5,-0.051252102,16071,11618,Playa
458,450,5,Sand_dunes,730628.7797,4078825.261,71,-0.046447651,15870,11962,Playa
459,451,5,Sand_dunes,730642.6106,4083402.054,8,0.082742559,21581,1440,Playa
460,452,5,Sand_dunes,731552.5484,4081630.012,86,0.166059713,22215,283,Playa
461,453,5,Sand_dunes,732069.2461,4089030.396,24,0.080433072,16367,12549,Playa
462,454,5,Sand_dunes,732467.9109,4082903.479,103,-0.00172913,17937,9974,Playa
463,455,5,Sand_dunes,726743.1259,4091455.94,2,-0.051252102,16071,11618,Playa
464,456,5,Sand_dunes,733713.6621,4082030.406,27,-0.046447651,15870,11962,Playa
1,0,4,Scrubland,724243.6129,4110178.272,81,0.082742559,21581,1440,Monte
2,1,4,Scrubland,724174.4754,4108135.419,50,0.166059713,22215,283,Monte
3,2,4,Scrubland,724683.0472,4105401.474,56,0.321961898,15445,7378,Monte
4,3,4,Scrubland,725483.2434,4103946.995,8,0.394688221,18821,3737,Monte
5,4,4,Scrubland,720188.9978,4098486.154,26,0.355794589,17123,5338,Monte
6,5,4,Scrubland,727098.8767,4101152.449,66,0.438067638,16067,6405,Monte
7,6,4,Scrubland,726577.7369,4102605.969,20,0.435261744,14964,7567,Monte
8,7,4,Scrubland,726969.9753,4096350.996,42,0.415817705,18616,3766,Monte
9,8,4,Scrubland,722744.1849,4100526.641,92,0.422965741,19992,2006,Monte
10,9,4,Scrubland,721236.2896,4107538.908,47,0.394849321,19812,2363,Monte
11,10,4,Scrubland,727120.6069,4104029.736,67,0.470471128,15989,6380,Monte
12,11,4,Scrubland,726504.081,4099798.166,13,0.432811339,19605,2384,Monte
13,12,4,Scrubland,722821.1564,4102373.871,5,0.401749459,14716,8005,Monte
14,13,4,Scrubland,720685.2514,4104812.344,36,0.403388355,17672,4773,Monte
15,14,4,Scrubland,722271.2377,4107519.639,71,0.374603731,16696,5627,Monte
16,15,4,Scrubland,723991.7066,4098502.43,69,0.385077416,16341,6207,Monte
17,16,4,Scrubland,726004.8266,4106696.464,4,0.371447746,16111,6596,Monte
18,17,4,Scrubland,725443.2842,4108016.883,5,0.357816544,12119,7901,Monte
19,18,4,Scrubland,719595.1979,4105346.761,76,0.380723375,12020,6543,Monte
20,19,4,Scrubland,727331.4471,4105719.16,78,0.400295284,10769,6831,Monte
21,20,4,Scrubland,721399.5082,4100632.264,13,0.225422102,11652,5542,Monte
22,21,4,Scrubland,727167.2209,4093509.928,34,0.352614233,11652,4867,Monte
23,22,4,Scrubland,719501.8432,4102712.438,41,0.344998877,10662,1331,Monte
24,23,4,Scrubland,721720.416,4105969.176,20,0.393720256,21567,1164,Monte
25,24,4,Scrubland,724291.3845,4101564.94,7,0.301462001,19808,3400,Monte
26,25,4,Scrubland,726990.6917,4098277.827,98,0.326451764,18729,4104,Monte
27,26,4,Scrubland,723045.8765,4111008.769,78,0.330543547,20677,1731,Monte
28,27,4,Scrubland,724280.6165,4111764.751,13,0.314320459,19587,2790,Monte
29,28,4,Scrubland,724369.5578,4103705.188,7,0.413890901,18604,3943,Monte
30,29,4,Scrubland,721243.6372,4101705.596,100,0.37533397,15657,6805,Monte
31,30,4,Scrubland,725973.7842,4098834.654,80,0.426840463,15039,7466,Monte
32,31,4,Scrubland,725807.5561,4105215.377,84,0.419213915,15497,7743,Monte
33,32,4,Scrubland,725400.204,4102139.833,55,0.37,18689,3995,Monte
34,33,4,Scrubland,724638.2517,4099439.383,81,0.374501156,15445,7378,Monte
35,34,4,Scrubland,723134.0611,4096401.355,30,0.321961898,18821,3737,Monte
36,35,4,Scrubland,721774.0874,4104313.647,32,0.394688221,17123,5338,Monte
37,36,4,Scrubland,725149.0757,4097091.895,96,0.355794589,16067,6405,Monte
38,37,4,Scrubland,722223.6301,4098273.289,56,0.438067638,14964,7567,Monte
39,38,4,Scrubland,725781.4718,4095431.904,3,0.435261744,18616,3766,Monte
40,39,4,Scrubland,722926.1573,4106465.785,93,0.415817705,19992,2006,Monte
41,40,4,Scrubland,722430.9108,4108836.067,23,0.422965741,19812,2363,Monte
42,41,4,Scrubland,717773.5225,4101231.514,30,0.394849321,15989,6380,Monte
43,42,4,Scrubland,720258.951,4103628.193,32,0.470471128,19605,2384,Monte
44,43,4,Scrubland,723108.7632,4104445.923,18,0.432811339,14716,8005,Monte
45,44,4,Scrubland,725164.7055,4100323.369,28,0.401749459,17672,4773,Monte
46,45,4,Scrubland,727126.2311,4095358.864,48,0.403388355,16696,5627,Monte
47,46,4,Scrubland,721661.489,4103207.369,48,0.374603731,16341,6207,Monte
48,47,4,Scrubland,724480.914,4095321.316,73,0.385077416,16111,6596,Monte
49,48,4,Scrubland,727716.5774,4102810.409,99,0.371447746,12119,7901,Monte
50,49,4,Scrubland,719288.0022,4101656.029,66,0.357816544,12020,6543,Monte
51,50,4,Scrubland,723441.8614,4097666.352,64,0.380723375,10769,6831,Monte
52,51,4,Scrubland,720104.9035,4100184.699,24,0.400295284,11652,5542,Monte
53,52,4,Scrubland,726667.1261,4107694.556,36,0.225422102,11652,4867,Monte
54,53,4,Scrubland,723234.903,4099608.63,101,0.352614233,10662,1331,Monte
55,54,4,Scrubland,725212.4063,4109755.533,64,0.344998877,21567,1164,Monte
56,55,4,Scrubland,727376.415,4106719.157,30,0.393720256,19808,3400,Monte
57,56,4,Scrubland,723815.9818,4109129.066,16,0.301462001,18729,4104,Monte
58,57,4,Scrubland,726284.668,4108948.56,92,0.326451764,20677,1731,Monte
59,58,4,Scrubland,718643.4912,4100376.939,15,0.330543547,19587,2790,Monte
60,59,4,Scrubland,727725.9442,4099943.105,25,0.314320459,18604,3943,Monte
62,60,4,Scrubland,718423.493,4102456.915,5,0.413890901,15657,6805,Monte
63,61,4,Scrubland,718984.1984,4104155.443,97,0.37533397,15039,7466,Monte
64,62,4,Scrubland,724455.1141,4106502.468,101,0.426840463,15497,7743,Monte
65,63,4,Scrubland,724378.7173,4096446.485,19,0.419213915,18689,3995,Monte
66,64,4,Scrubland,721777.7132,4099428.314,93,0.374501156,15445,7378,Monte
67,65,4,Scrubland,726253.0744,4092860.653,32,0.321961898,18821,3737,Monte
68,66,4,Scrubland,720484.212,4106690.84,17,0.394688221,17123,5338,Monte
69,67,4,Scrubland,723614.1586,4105336.803,73,0.355794589,16067,6405,Monte
70,68,4,Scrubland,725179.2099,4111317.758,93,0.438067638,14964,7567,Monte
71,69,4,Scrubland,725044.2597,4098261.851,27,0.435261744,18616,3766,Monte
72,70,4,Scrubland,725258.8977,4093936.928,91,0.415817705,19992,2006,Monte
73,71,4,Scrubland,723160.5855,4109931.321,71,0.422965741,19812,2363,Monte
74,72,4,Scrubland,722326.2453,4105166.112,67,0.394849321,15989,6380,Monte
75,73,4,Scrubland,728183.8104,4096065.949,25,0.470471128,19605,2384,Monte
76,74,4,Scrubland,723724.9312,4107211.966,70,0.432811339,14716,8005,Monte
77,75,4,Scrubland,726205.2089,4097508.468,49,0.401749459,17672,4773,Monte
78,76,4,Scrubland,725937.5538,4110466.771,35,0.403388355,16696,5627,Monte
79,77,4,Scrubland,720633.3065,4102523.667,20,0.374603731,16341,6207,Monte
80,78,4,Scrubland,723471.3848,4103208.475,40,0.385077416,16111,6596,Monte
81,79,4,Scrubland,727691.7558,4094499.013,25,0.371447746,12119,7901,Monte
82,80,4,Scrubland,725864.9447,4101193.988,32,0.357816544,12020,6543,Monte
83,81,4,Scrubland,721052.6615,4097981.805,81,0.380723375,10769,6831,Monte
84,82,4,Scrubland,719245.0348,4098966.062,100,0.400295284,11652,5542,Monte
85,83,4,Scrubland,723990.7111,4100556.807,90,0.225422102,11652,4867,Monte
86,84,4,Scrubland,720209.1003,4101179.332,47,0.352614233,10662,1331,Monte
87,85,4,Scrubland,722148.856,4097272.664,76,0.344998877,21567,1164,Monte
88,86,4,Scrubland,727432.6046,4097296.973,48,0.393720256,19808,3400,Monte
89,87,4,Scrubland,723119.9197,4108048.923,64,0.301462001,18729,4104,Monte
90,88,4,Scrubland,727785.1184,4104819.071,21,0.326451764,20677,1731,Monte
91,89,4,Scrubland,726517.1324,4094503.146,88,0.330543547,19587,2790,Monte
92,90,4,Scrubland,725939.7703,4096463.423,61,0.314320459,18604,3943,Monte
93,91,4,Scrubland,724391.7825,4102617.685,60,0.413890901,15657,6805,Monte
94,92,4,Scrubland,721411.8698,4108565.068,102,0.37533397,15039,7466,Monte
95,93,4,Scrubland,722288.1284,4101494.926,68,0.426840463,20677,1731,Monte
96,94,4,Scrubland,720696.5656,4099370.404,70,0.419213915,19587,2790,Monte
97,95,4,Scrubland,728197.6579,4093437.92,52,0.419213915,18604,3943,Monte
99,96,4,Scrubland,727867.865,4101806.994,18,0.419213915,15657,6805,Monte
275,270,4,Scrubland,728010.182,4093587.521,90,0.419213915,15039,7466,Monte
295,289,4,Scrubland,727979.5886,4102422.713,65,0.419213915,18604,3943,Monte
